timestamp,lat,lon,BASIN,month,Month Name,Tropical SST,Local SST,Relative SST
1982-03-21 00:00:00,5.5,138.7,WP,3,Mar,27.564137,28.659937,1.0958004
1982-05-07 00:00:00,15.7,128.9,WP,5,May,27.75205,28.351694,0.5996437
1982-05-28 00:00:00,9.6,162.2,WP,5,May,27.75205,28.082172,0.330122
1982-06-25 00:00:00,6.2,155.5,WP,6,Jun,27.378002,29.375015,1.9970131
1982-07-03 00:00:00,10.5,127.5,WP,7,Jul,26.943525,29.50097,2.5574455
1982-08-02 00:00:00,13.0,147.3,WP,8,Aug,26.706768,29.269594,2.5628262
1982-08-11 00:00:00,22.7,131.3,WP,8,Aug,26.706768,28.87666,2.1698914
1982-08-14 00:00:00,15.4,138.1,WP,8,Aug,26.706768,29.202402,2.495634
1982-08-18 00:00:00,17.2,118.0,WP,8,Aug,26.706768,29.116947,2.4101791
1982-08-20 00:00:00,8.7,144.6,WP,8,Aug,26.706768,29.48226,2.7754917
1982-08-21 00:00:00,23.7,142.7,WP,8,Aug,26.706768,28.490269,1.7835007
1982-08-21 00:00:00,9.7,130.8,WP,8,Aug,26.706768,29.36787,2.6611023
1982-08-22 00:00:00,9.0,139.0,WP,8,Aug,26.706768,29.464722,2.7579536
1982-08-28 00:00:00,11.5,116.2,WP,8,Aug,26.706768,28.62297,1.9162025
1982-08-28 00:00:00,12.9,153.4,WP,8,Aug,26.706768,29.282309,2.5755405
1982-09-04 00:00:00,11.4,133.1,WP,9,Sep,26.753124,29.061285,2.3081608
1982-09-08 00:00:00,18.6,115.7,WP,9,Sep,26.753124,28.74787,1.9947453
1982-09-23 00:00:00,10.1,156.1,WP,9,Sep,26.753124,29.54773,2.7946053
1982-10-06 00:00:00,14.9,140.7,WP,10,Oct,26.984638,28.99865,2.0140114
1982-10-08 00:00:00,-7.6,132.8,SI,10,Oct,26.984638,27.240458,0.25581932
1982-10-13 00:00:00,14.4,147.8,WP,10,Oct,26.984638,28.889303,1.904665
1982-10-15 00:00:00,16.2,135.0,WP,10,Oct,26.984638,28.880493,1.895855
1982-11-05 00:00:00,11.6,124.0,WP,11,Nov,27.146564,28.420938,1.274374
1982-11-16 00:00:00,11.0,128.3,WP,11,Nov,27.146564,28.616367,1.4698029
1982-12-02 00:00:00,-9.9,68.0,SI,12,Dec,27.150013,28.02294,0.8729267
1982-12-24 00:00:00,-14.8,139.2,SI,12,Dec,27.150013,29.808481,2.6584682
1983-01-03 00:00:00,-12.6,124.3,SI,1,Jan,27.129002,29.843801,2.7148
1983-01-20 00:00:00,-8.4,96.3,SI,1,Jan,27.129002,28.676132,1.5471306
1983-02-03 00:00:00,-16.2,57.6,SI,2,Feb,27.21997,28.17754,0.9575691
1983-02-27 00:00:00,-15.1,118.4,SI,2,Feb,27.21997,29.144148,1.9241772
1983-03-03 00:00:00,-11.1,192.6,SP,3,Mar,27.480377,29.644323,2.1639462
1983-03-06 00:00:00,-6.0,66.0,SI,3,Mar,27.480377,29.070276,1.5898991
1983-03-07 00:00:00,-7.6,97.5,SI,3,Mar,27.480377,29.083715,1.6033382
1983-03-31 00:00:00,-16.0,171.9,SP,3,Mar,27.480377,29.058052,1.5776749
1983-04-10 00:00:00,-13.1,185.7,SP,4,Apr,27.712942,29.306768,1.5938263
1983-04-14 00:00:00,-10.2,99.6,SI,4,Apr,27.712942,28.991226,1.2782841
1983-04-20 00:00:00,-10.6,58.5,SI,4,Apr,27.712942,28.795776,1.0828342
1983-04-20 00:00:00,-4.9,79.4,SI,4,Apr,27.712942,29.298594,1.5856514
1983-05-22 00:00:00,5.8,162.1,WP,5,May,27.686226,28.964417,1.2781906
1983-05-22 00:00:00,12.2,133.8,WP,5,May,27.686226,28.402414,0.71618843
1983-06-11 00:00:00,11.2,131.4,WP,6,Jun,27.321415,29.272263,1.9508476
1983-07-03 00:00:00,7.3,160.0,WP,7,Jul,26.894558,29.426264,2.5317059
1983-07-05 00:00:00,11.6,133.5,WP,7,Jul,26.894558,29.369406,2.4748478
1983-07-15 00:00:00,16.1,160.3,WP,7,Jul,26.894558,28.055475,1.1609173
1983-07-29 00:00:00,15.5,168.0,WP,7,Jul,26.894558,27.931461,1.0369034
1983-08-25 00:00:00,14.7,130.3,WP,8,Aug,26.67214,29.087982,2.415842
1983-09-01 00:00:00,15.4,149.1,WP,9,Sep,26.721994,29.059729,2.3377342
1983-09-16 00:00:00,17.9,141.5,WP,9,Sep,26.721994,29.005447,2.283453
1983-09-20 00:00:00,8.6,141.0,WP,9,Sep,26.721994,29.338205,2.616211
1983-10-10 00:00:00,6.0,171.0,WP,10,Oct,26.954025,29.680029,2.7260036
1983-10-16 00:00:00,5.5,171.0,WP,10,Oct,26.954025,29.59285,2.6388245
1983-10-17 00:00:00,21.0,140.9,WP,10,Oct,26.954025,28.007212,1.0531864
1983-10-23 00:00:00,12.0,133.0,WP,10,Oct,26.954025,29.027054,2.0730286
1983-10-30 00:00:00,7.6,129.2,WP,10,Oct,26.954025,29.232878,2.2788525
1983-11-22 00:00:00,16.3,134.2,WP,11,Nov,27.126677,27.891994,0.7653179
1983-11-24 00:00:00,-10.9,164.0,SP,11,Nov,27.126677,28.530445,1.4037685
1983-12-05 00:00:00,-15.8,198.7,SP,12,Dec,27.125996,28.008148,0.88215256
1983-12-13 00:00:00,-9.5,193.8,SP,12,Dec,27.125996,29.471945,2.3459492
1983-12-23 00:00:00,-20.1,41.8,SI,12,Dec,27.125996,28.6991,1.5731049
1984-01-01 00:00:00,-11.4,60.6,SI,1,Jan,27.093273,28.272303,1.1790295
1984-01-04 00:00:00,-16.2,127.9,SI,1,Jan,27.093273,31.940022,4.8467484
1984-01-04 00:00:00,-11.0,130.2,SI,1,Jan,27.093273,29.82589,2.7326164
1984-01-07 00:00:00,-7.6,77.1,SI,1,Jan,27.093273,28.575804,1.4825306
1984-01-15 00:00:00,-11.9,66.8,SI,1,Jan,27.093273,28.25174,1.1584663
1984-01-20 00:00:00,-7.7,84.8,SI,1,Jan,27.093273,28.509684,1.4164104
1984-02-05 00:00:00,-5.7,75.9,SI,2,Feb,27.191044,28.734978,1.5439339
1984-02-05 00:00:00,-13.4,78.3,SI,2,Feb,27.191044,28.284836,1.093792
1984-02-12 00:00:00,-12.7,145.2,SP,2,Feb,27.191044,29.226492,2.035448
1984-02-25 00:00:00,-8.6,92.9,SI,2,Feb,27.191044,28.736874,1.5458298
1984-03-26 00:00:00,-16.6,43.1,SI,3,Mar,27.45899,29.374077,1.9150867
1984-04-02 00:00:00,-12.8,82.4,SI,4,Apr,27.704168,28.081757,0.37758827
1984-04-12 00:00:00,-10.5,62.9,SI,4,Apr,27.704168,28.895838,1.1916695
1984-06-26 00:00:00,20.0,111.2,WP,6,Jun,27.277569,28.286446,1.0088768
1984-07-01 00:00:00,15.0,118.0,WP,7,Jul,26.842958,29.27833,2.4353714
1984-07-05 00:00:00,11.6,133.5,WP,7,Jul,26.842958,29.366741,2.5237827
1984-07-25 00:00:00,11.6,133.5,WP,7,Jul,26.842958,29.366741,2.5237827
1984-07-25 00:00:00,15.4,133.8,WP,7,Jul,26.842958,29.24968,2.406721
1984-07-30 00:00:00,22.1,146.3,WP,7,Jul,26.842958,28.323849,1.4808903
1984-08-05 00:00:00,10.1,130.8,WP,8,Aug,26.610918,29.307346,2.6964283
1984-08-07 00:00:00,6.2,152.8,WP,8,Aug,26.610918,29.81684,3.2059212
1984-08-09 00:00:00,21.8,131.8,WP,8,Aug,26.610918,28.984308,2.3733902
1984-08-12 00:00:00,16.5,124.4,WP,8,Aug,26.610918,29.182743,2.571825
1984-08-14 00:00:00,10.0,143.5,WP,8,Aug,26.610918,29.454386,2.8434677
1984-08-15 00:00:00,6.9,153.6,WP,8,Aug,26.610918,29.769897,3.1589794
1984-08-20 00:00:00,10.8,120.8,WP,8,Aug,26.610918,29.076187,2.465269
1984-08-24 00:00:00,9.7,159.2,WP,8,Aug,26.610918,29.508892,2.897974
1984-09-18 00:00:00,16.1,146.2,WP,9,Sep,26.661995,29.162045,2.5000496
1984-09-26 00:00:00,9.1,155.3,WP,9,Sep,26.661995,29.718243,3.0562477
1984-10-09 00:00:00,7.3,179.0,WP,10,Oct,26.898571,29.584585,2.6860142
1984-10-23 00:00:00,10.2,129.9,WP,10,Oct,26.898571,29.075333,2.1767616
1984-10-29 00:00:00,13.8,138.6,WP,10,Oct,26.898571,29.045252,2.1466808
1984-11-04 00:00:00,-3.8,88.0,SI,11,Nov,27.072054,28.220373,1.1483192
1984-11-09 00:00:00,17.7,161.6,WP,11,Nov,27.072054,27.35346,0.2814064
1984-11-17 00:00:00,-6.9,88.5,SI,11,Nov,27.072054,27.63743,0.5653763
1984-12-17 00:00:00,-10.7,78.4,SI,12,Dec,27.074583,27.641119,0.56653595
1985-01-07 00:00:00,-16.7,125.2,SI,1,Jan,27.074686,30.232975,3.158289
1985-01-13 00:00:00,-10.9,183.1,SP,1,Jan,27.074686,29.617395,2.5427094
1985-01-23 00:00:00,-13.8,190.8,SP,1,Jan,27.074686,29.258358,2.183672
1985-01-23 00:00:00,-16.3,53.7,SI,1,Jan,27.074686,27.966818,0.8921318
1985-02-02 00:00:00,-16.9,173.2,SP,2,Feb,27.179964,28.899508,1.7195435
1985-02-02 00:00:00,-12.0,155.0,SP,2,Feb,27.179964,29.514946,2.334982
1985-02-10 00:00:00,-14.5,171.7,SP,2,Feb,27.179964,29.343227,2.1632633
1985-03-04 00:00:00,-11.2,153.8,SP,3,Mar,27.451529,29.5898,2.1382713
1985-03-06 00:00:00,-16.9,173.2,SP,3,Mar,27.451529,28.86051,1.4089813
1985-03-16 00:00:00,-9.7,117.5,SI,3,Mar,27.451529,29.18199,1.7304611
1985-03-17 00:00:00,-12.7,66.2,SI,3,Mar,27.451529,28.763632,1.3121033
1985-03-29 00:00:00,-15.5,188.3,SP,3,Mar,27.451529,29.336735,1.8852062
1985-04-02 00:00:00,-8.5,91.1,SI,4,Apr,27.7021,28.941866,1.2397652
1985-04-19 00:00:00,-11.7,60.7,SI,4,Apr,27.7021,28.727497,1.0253963
1985-04-20 00:00:00,-13.4,76.0,SI,4,Apr,27.7021,28.079193,0.37709236
1985-04-27 00:00:00,-12.1,126.0,SI,4,Apr,27.7021,29.309454,1.6073532
1985-05-18 00:00:00,-15.0,170.0,SP,5,May,27.668894,28.02122,0.35232544
1985-06-30 00:00:00,15.9,158.5,WP,6,Jun,27.321123,27.610987,0.2898636
1985-07-01 00:00:00,11.5,142.6,WP,7,Jul,26.899666,29.121038,2.2213726
1985-07-12 00:00:00,9.7,146.4,WP,7,Jul,26.899666,29.248663,2.348997
1985-07-23 00:00:00,-10.0,211.9,SP,7,Jul,26.899666,28.207163,1.307497
1985-07-27 00:00:00,14.3,128.8,WP,7,Jul,26.899666,29.215296,2.31563
1985-08-08 00:00:00,5.0,154.3,WP,8,Aug,26.68487,29.733768,3.0488987
1985-08-13 00:00:00,12.1,172.3,WP,8,Aug,26.68487,29.026651,2.3417816
1985-09-03 00:00:00,20.1,156.8,WP,9,Sep,26.75121,28.51831,1.7671013
1985-09-10 00:00:00,5.0,171.9,WP,9,Sep,26.75121,29.617987,2.8667774
1985-09-11 00:00:00,27.0,135.0,WP,9,Sep,26.75121,28.089703,1.3384933
1985-09-27 00:00:00,9.1,155.3,WP,9,Sep,26.75121,29.606419,2.8552094
1985-10-07 00:00:00,14.2,128.7,WP,10,Oct,26.989817,28.886038,1.8962212
1985-10-22 00:00:00,14.3,128.8,WP,10,Oct,26.989817,28.883066,1.8932495
1985-10-23 00:00:00,8.3,140.6,WP,10,Oct,26.989817,29.372843,2.3830261
1985-11-03 00:00:00,-4.5,92.8,SI,11,Nov,27.163324,28.075466,0.9121418
1985-11-04 00:00:00,11.8,132.6,WP,11,Nov,27.163324,28.687765,1.5244408
1985-11-20 00:00:00,17.8,131.0,WP,11,Nov,27.163324,27.512304,0.34897995
1985-12-05 00:00:00,-8.3,98.5,SI,12,Dec,27.17829,28.186111,1.007822
1985-12-08 00:00:00,-15.4,172.2,SP,12,Dec,27.17829,27.909565,0.73127556
1986-01-15 00:00:00,-9.9,96.8,SI,1,Jan,27.159565,28.67049,1.5109253
1986-01-17 00:00:00,-8.4,155.0,SP,1,Jan,27.159565,29.640474,2.4809093
1986-01-23 00:00:00,-11.0,163.0,SP,1,Jan,27.159565,29.503933,2.344368
1986-01-25 00:00:00,-12.8,217.3,SP,1,Jan,27.159565,29.072927,1.9133625
1986-01-28 00:00:00,-10.0,118.0,SI,1,Jan,27.159565,29.496685,2.33712
1986-02-01 00:00:00,-12.6,71.0,SI,2,Feb,27.261278,28.63613,1.3748512
1986-02-07 00:00:00,-7.7,80.9,SI,2,Feb,27.261278,28.732904,1.4716263
1986-02-08 00:00:00,-11.8,102.6,SI,2,Feb,27.261278,28.868902,1.607624
1986-02-16 00:00:00,-9.6,65.0,SI,2,Feb,27.261278,28.727627,1.4663486
1986-02-19 00:00:00,-13.4,66.5,SI,2,Feb,27.261278,28.536663,1.2753849
1986-02-26 00:00:00,-8.9,60.1,SI,2,Feb,27.261278,28.640387,1.3791084
1986-03-10 00:00:00,-9.6,155.0,SP,3,Mar,27.533134,29.604378,2.0712433
1986-03-27 00:00:00,-15.7,169.3,SP,3,Mar,27.533134,29.214718,1.6815834
1986-04-09 00:00:00,-16.0,123.1,SI,4,Apr,27.785688,29.838871,2.0531826
1986-05-19 00:00:00,6.7,140.5,WP,5,May,27.73367,29.244806,1.511137
1986-05-21 00:00:00,11.8,145.7,WP,5,May,27.73367,28.133926,0.4002571
1986-06-12 00:00:00,11.8,143.7,WP,6,Jun,27.36025,28.85748,1.4972286
1986-06-14 00:00:00,12.6,135.1,WP,6,Jun,27.36025,29.045223,1.6849728
1986-07-08 00:00:00,10.6,159.2,WP,7,Jul,26.919952,28.929926,2.0099735
1986-07-14 00:00:00,15.2,137.3,WP,7,Jul,26.919952,29.16652,2.2465668
1986-07-19 00:00:00,10.0,143.5,WP,7,Jul,26.919952,29.34697,2.4270172
1986-08-05 00:00:00,13.7,114.8,WP,8,Aug,26.686047,28.678295,1.9922485
1986-08-05 00:00:00,13.7,140.8,WP,8,Aug,26.686047,29.190195,2.5041485
1986-09-02 00:00:00,5.5,138.7,WP,9,Sep,26.732655,29.732178,2.9995232
1986-09-16 00:00:00,4.2,148.3,WP,9,Sep,26.732655,29.675121,2.9424667
1986-09-30 00:00:00,23.9,143.7,WP,9,Sep,26.732655,28.415493,1.6828384
1986-09-30 00:00:00,8.8,137.6,WP,9,Sep,26.732655,29.502808,2.770153
1986-10-05 00:00:00,8.1,143.9,WP,10,Oct,26.963585,29.55955,2.5959644
1986-10-16 00:00:00,10.0,151.6,WP,10,Oct,26.963585,29.401556,2.437971
1986-11-01 00:00:00,13.0,160.7,WP,11,Nov,27.124739,28.279007,1.1542683
1986-11-26 00:00:00,-11.9,125.0,SI,11,Nov,27.124739,29.504063,2.379324
1986-12-02 00:00:00,-15.1,192.7,SP,12,Dec,27.129013,28.489698,1.3606853
1986-12-02 00:00:00,-11.1,140.5,SI,12,Dec,27.129013,29.1564,2.0273876
1986-12-06 00:00:00,-10.8,65.7,SI,12,Dec,27.129013,27.83833,0.70931625
1986-12-10 00:00:00,-11.6,79.7,SI,12,Dec,27.129013,27.469772,0.34075928
1987-01-18 00:00:00,-16.0,52.0,SI,1,Jan,27.113573,28.09367,0.9800968
1987-01-27 00:00:00,-10.3,71.4,SI,1,Jan,27.113573,28.474226,1.3606529
1987-02-14 00:00:00,-13.3,139.2,SI,2,Feb,27.220665,29.880184,2.6595192
1987-02-19 00:00:00,-8.0,85.5,SI,2,Feb,27.220665,28.647537,1.4268723
1987-02-20 00:00:00,-8.6,104.0,SI,2,Feb,27.220665,28.817017,1.5963516
1987-02-24 00:00:00,-18.8,205.8,SP,2,Feb,27.220665,28.278318,1.0576534
1987-03-12 00:00:00,-12.5,67.4,SI,3,Mar,27.491018,28.780457,1.2894382
1987-03-21 00:00:00,-15.7,92.8,SI,3,Mar,27.491018,27.624943,0.13392448
1987-03-22 00:00:00,-12.0,71.8,SI,3,Mar,27.491018,28.815964,1.3249454
1987-03-24 00:00:00,-8.5,60.0,SI,3,Mar,27.491018,28.869501,1.3784828
1987-04-03 00:00:00,-12.5,72.0,SI,4,Apr,27.761044,28.467167,0.70612335
1987-04-19 00:00:00,-13.0,57.5,SI,4,Apr,27.761044,28.630009,0.86896515
1987-04-21 00:00:00,-11.4,60.6,SI,4,Apr,27.761044,28.835297,1.0742531
1987-04-27 00:00:00,-6.6,85.8,SI,4,Apr,27.761044,29.175238,1.4141941
1987-05-18 00:00:00,15.1,125.0,WP,5,May,27.729218,28.509478,0.7802601
1987-07-06 00:00:00,21.4,146.2,WP,7,Jul,26.924492,28.602514,1.6780224
1987-07-11 00:00:00,16.9,116.9,WP,7,Jul,26.924492,29.189524,2.2650318
1987-07-23 00:00:00,6.1,177.0,WP,7,Jul,26.924492,29.324823,2.4003315
1987-07-28 00:00:00,9.7,159.2,WP,7,Jul,26.924492,29.116003,2.1915112
1987-07-29 00:00:00,14.1,128.0,WP,7,Jul,26.924492,29.468111,2.5436192
1987-08-15 00:00:00,30.4,143.6,WP,8,Aug,26.699339,27.313623,0.6142845
1987-08-15 00:00:00,18.5,152.9,WP,8,Aug,26.699339,28.889322,2.1899834
1987-08-18 00:00:00,5.4,138.6,WP,8,Aug,26.699339,29.704235,3.0048962
1987-09-04 00:00:00,5.6,150.2,WP,9,Sep,26.756273,29.669044,2.9127712
1987-09-05 00:00:00,21.8,127.1,WP,9,Sep,26.756273,28.958185,2.201912
1987-09-10 00:00:00,11.4,133.1,WP,9,Sep,26.756273,29.207277,2.451004
1987-09-16 00:00:00,17.0,130.0,WP,9,Sep,26.756273,29.233067,2.4767933
1987-09-29 00:00:00,14.0,144.3,WP,9,Sep,26.756273,29.194641,2.4383678
1987-10-04 00:00:00,6.0,150.0,WP,10,Oct,26.994526,29.666704,2.6721783
1987-10-11 00:00:00,18.7,134.0,WP,10,Oct,26.994526,28.68479,1.6902637
1987-10-11 00:00:00,6.3,149.2,WP,10,Oct,26.994526,29.658148,2.663622
1987-10-19 00:00:00,21.4,135.6,WP,10,Oct,26.994526,28.303219,1.3086929
1987-10-23 00:00:00,22.9,134.4,WP,10,Oct,26.994526,27.848598,0.8540726
1987-10-23 00:00:00,5.1,163.7,WP,10,Oct,26.994526,29.696758,2.7022324
1987-10-23 00:00:00,16.1,116.8,WP,10,Oct,26.994526,28.444504,1.4499779
1987-10-27 00:00:00,-14.8,121.4,SI,10,Oct,26.994526,28.133526,1.1389999
1987-10-31 00:00:00,11.8,137.6,WP,10,Oct,26.994526,29.223475,2.2289486
1987-11-06 00:00:00,5.0,157.8,WP,11,Nov,27.163462,29.527447,2.363985
1987-11-09 00:00:00,15.0,135.1,WP,11,Nov,27.163462,28.31944,1.1559792
1987-11-12 00:00:00,-14.9,185.2,SP,11,Nov,27.163462,27.620295,0.4568329
1987-12-06 00:00:00,-7.5,69.2,SI,12,Dec,27.184465,28.457422,1.2729568
1987-12-06 00:00:00,-13.4,70.3,SI,12,Dec,27.184465,27.241665,0.05719948
1987-12-22 00:00:00,-15.6,119.8,SI,12,Dec,27.184465,29.697342,2.5128765
1987-12-26 00:00:00,-7.3,47.2,SI,12,Dec,27.184465,28.654938,1.4704723
1988-01-01 00:00:00,-11.0,130.2,SI,1,Jan,27.158686,29.91114,2.7524548
1988-01-07 00:00:00,-8.7,157.2,SP,1,Jan,27.158686,29.787395,2.6287098
1988-01-21 00:00:00,-14.6,74.9,SI,1,Jan,27.158686,27.782873,0.62418747
1988-02-08 00:00:00,-10.4,183.7,SP,2,Feb,27.278767,29.753107,2.4743404
1988-02-10 00:00:00,-8.9,60.1,SI,2,Feb,27.278767,28.630884,1.3521175
1988-02-11 00:00:00,-8.7,67.4,SI,2,Feb,27.278767,28.748566,1.469799
1988-02-26 00:00:00,-15.0,170.0,SP,2,Feb,27.278767,29.24523,1.9664631
1988-03-03 00:00:00,-8.8,155.6,SP,3,Mar,27.541485,29.820953,2.2794685
1988-03-14 00:00:00,-21.4,152.4,SP,3,Mar,27.541485,27.62663,0.08514595
1988-03-16 00:00:00,-11.3,86.8,SI,3,Mar,27.541485,28.796942,1.2554569
1988-03-28 00:00:00,-16.5,150.7,SP,3,Mar,27.541485,28.773762,1.2322769
1988-04-01 00:00:00,-13.6,120.5,SI,4,Apr,27.789427,29.519314,1.729887
1988-05-21 00:00:00,11.5,133.4,WP,5,May,27.742523,28.748898,1.0063744
1988-06-13 00:00:00,18.6,136.1,WP,6,Jun,27.378191,28.605886,1.2276955
1988-06-30 00:00:00,3.9,145.0,WP,6,Jun,27.378191,29.702206,2.3240147
1988-07-09 00:00:00,5.9,141.0,WP,7,Jul,26.955421,29.781454,2.8260326
1988-07-09 00:00:00,17.2,118.0,WP,7,Jul,26.955421,29.464077,2.5086555
1988-07-26 00:00:00,11.9,130.3,WP,7,Jul,26.955421,29.407574,2.4521523
1988-08-03 00:00:00,11.4,162.5,WP,8,Aug,26.748215,29.384,2.635786
1988-08-04 00:00:00,13.0,147.3,WP,8,Aug,26.748215,29.318827,2.570612
1988-08-08 00:00:00,4.1,156.3,WP,8,Aug,26.748215,29.824978,3.0767632
1988-08-09 00:00:00,14.0,137.0,WP,8,Aug,26.748215,29.274923,2.5267086
1988-08-19 00:00:00,22.4,134.3,WP,8,Aug,26.748215,29.013245,2.26503
1988-08-29 00:00:00,7.3,163.8,WP,8,Aug,26.748215,29.793621,3.0454063
1988-09-01 00:00:00,10.0,145.3,WP,9,Sep,26.801422,29.517252,2.7158298
1988-09-01 00:00:00,17.5,133.7,WP,9,Sep,26.801422,29.194967,2.3935452
1988-09-02 00:00:00,10.6,143.9,WP,9,Sep,26.801422,29.422207,2.6207848
1988-09-03 00:00:00,1.9,180.2,WP,9,Sep,26.801422,28.08653,1.2851086
1988-09-05 00:00:00,19.6,165.2,WP,9,Sep,26.801422,28.53491,1.7334881
1988-09-08 00:00:00,7.1,136.5,WP,9,Sep,26.801422,29.59708,2.795658
1988-09-12 00:00:00,24.0,151.2,WP,9,Sep,26.801422,28.325113,1.5236912
1988-09-13 00:00:00,12.6,135.4,WP,9,Sep,26.801422,29.19811,2.3966885
1988-09-30 00:00:00,12.4,135.8,WP,9,Sep,26.801422,29.19811,2.3966885
1988-10-02 00:00:00,14.6,142.2,WP,10,Oct,27.047455,29.078884,2.0314293
1988-10-05 00:00:00,10.3,174.7,WP,10,Oct,27.047455,29.362375,2.3149204
1988-10-09 00:00:00,9.2,159.2,WP,10,Oct,27.047455,29.625172,2.5777168
1988-10-23 00:00:00,14.6,144.8,WP,10,Oct,27.047455,29.057596,2.0101414
1988-10-27 00:00:00,16.2,149.0,WP,10,Oct,27.047455,28.837458,1.7900028
1988-10-31 00:00:00,14.2,147.7,WP,10,Oct,27.047455,29.065254,2.0177994
1988-11-05 00:00:00,6.9,153.6,WP,11,Nov,27.214512,29.574879,2.3603668
1988-11-10 00:00:00,7.9,140.5,WP,11,Nov,27.214512,29.389126,2.174614
1988-11-22 00:00:00,-7.4,84.7,SI,11,Nov,27.214512,27.834742,0.6202297
1988-12-24 00:00:00,-11.9,66.8,SI,12,Dec,27.213165,27.753475,0.5403099
1988-12-27 00:00:00,-8.4,96.3,SI,12,Dec,27.213165,28.238579,1.0254135
1989-01-07 00:00:00,-17.4,147.8,SP,1,Jan,27.208317,28.331177,1.12286
1989-01-10 00:00:00,-10.5,162.8,SP,1,Jan,27.208317,29.573338,2.3650208
1989-01-17 00:00:00,-12.5,103.4,SI,1,Jan,27.208317,28.462505,1.2541885
1989-01-17 00:00:00,-14.8,155.4,SP,1,Jan,27.208317,29.083384,1.8750668
1989-01-28 00:00:00,-3.0,80.9,SI,1,Jan,27.208317,28.881811,1.6734943
1989-02-04 00:00:00,-8.3,98.5,SI,2,Feb,27.32888,29.021002,1.6921215
1989-02-07 00:00:00,-11.8,49.1,SI,2,Feb,27.32888,28.605412,1.2765312
1989-02-09 00:00:00,-12.1,87.7,SI,2,Feb,27.32888,28.475302,1.1464214
1989-02-12 00:00:00,-14.4,173.6,SP,2,Feb,27.32888,29.397781,2.068901
1989-02-22 00:00:00,-11.8,102.6,SI,2,Feb,27.32888,28.924194,1.595314
1989-02-23 00:00:00,-15.7,117.6,SI,2,Feb,27.32888,29.380112,2.0512314
1989-03-01 00:00:00,-8.8,91.3,SI,3,Mar,27.597765,29.118114,1.5203495
1989-03-03 00:00:00,-12.5,51.4,SI,3,Mar,27.597765,28.901974,1.3042088
1989-03-05 00:00:00,-11.7,157.0,SP,3,Mar,27.597765,29.559284,1.9615192
1989-03-12 00:00:00,-12.3,69.4,SI,3,Mar,27.597765,28.913956,1.3161907
1989-04-13 00:00:00,-11.0,133.0,SI,4,Apr,27.85429,29.677135,1.8228455
1989-04-26 00:00:00,-11.6,103.8,SI,4,Apr,27.85429,29.122746,1.2684555
1989-04-30 00:00:00,-9.5,78.8,SI,4,Apr,27.85429,28.89473,1.0404396
1989-07-03 00:00:00,14.2,156.4,WP,7,Jul,27.015087,28.675385,1.6602974
1989-07-14 00:00:00,22.9,134.4,WP,7,Jul,27.015087,28.666708,1.6516209
1989-07-22 00:00:00,10.0,152.0,WP,7,Jul,27.015087,29.296597,2.2815094
1989-07-25 00:00:00,4.9,138.0,WP,7,Jul,27.015087,29.875345,2.860258
1989-07-27 00:00:00,4.5,154.9,WP,7,Jul,27.015087,29.80481,2.7897224
1989-07-30 00:00:00,18.5,152.9,WP,7,Jul,27.015087,28.517843,1.5027561
1989-08-05 00:00:00,7.9,142.4,WP,8,Aug,26.791803,29.692577,2.900774
1989-08-07 00:00:00,21.8,129.0,WP,8,Aug,26.791803,29.112873,2.3210697
1989-08-11 00:00:00,21.6,118.3,WP,8,Aug,26.791803,29.174059,2.3822556
1989-08-18 00:00:00,6.3,149.2,WP,8,Aug,26.791803,29.86123,3.0694275
1989-08-19 00:00:00,19.5,160.1,WP,8,Aug,26.791803,28.584818,1.7930145
1989-09-07 00:00:00,17.4,142.9,WP,9,Sep,26.844995,29.27297,2.4279747
1989-09-18 00:00:00,4.0,155.4,WP,9,Sep,26.844995,29.858303,3.0133076
1989-09-27 00:00:00,11.8,130.4,WP,9,Sep,26.844995,29.313797,2.4688015
1989-10-06 00:00:00,9.4,115.6,WP,10,Oct,27.075006,29.05246,1.9774532
1989-10-12 00:00:00,11.1,121.1,WP,10,Oct,27.075006,29.100586,2.0255795
1989-10-20 00:00:00,14.7,119.6,WP,10,Oct,27.075006,28.954811,1.8798046
1989-10-23 00:00:00,20.2,116.8,WP,10,Oct,27.075006,27.847595,0.77258873
1989-10-24 00:00:00,5.0,171.9,WP,10,Oct,27.075006,29.611832,2.5368252
1989-11-04 00:00:00,8.0,155.8,WP,11,Nov,27.259684,29.49498,2.2352962
1989-12-02 00:00:00,5.0,139.0,WP,12,Dec,27.277426,29.452488,2.1750622
1989-12-17 00:00:00,11.2,119.1,WP,12,Dec,27.277426,27.769232,0.49180603
1989-12-18 00:00:00,-12.6,163.1,SP,12,Dec,27.277426,29.155512,1.8780861
1989-12-21 00:00:00,4.9,138.0,WP,12,Dec,27.277426,29.443008,2.1655827
1989-12-31 00:00:00,-7.5,93.6,SI,12,Dec,27.277426,28.344849,1.0674229
1990-01-04 00:00:00,-14.3,150.7,SP,1,Jan,27.247253,29.089926,1.8426723
1990-01-06 00:00:00,-9.9,60.3,SI,1,Jan,27.247253,28.625586,1.3783321
1990-01-10 00:00:00,-9.9,60.3,SI,1,Jan,27.247253,28.625586,1.3783321
1990-01-17 00:00:00,-12.0,101.2,SI,1,Jan,27.247253,28.594751,1.3474979
1990-01-29 00:00:00,-11.7,113.3,SI,1,Jan,27.247253,29.276932,2.0296783
1990-01-31 00:00:00,-14.9,137.1,SI,1,Jan,27.247253,30.501276,3.2540226
1990-02-01 00:00:00,-4.1,65.3,SI,2,Feb,27.359226,28.93958,1.5803547
1990-02-13 00:00:00,-16.4,51.2,SI,2,Feb,27.359226,28.40053,1.0413036
1990-02-13 00:00:00,-12.8,217.3,SP,2,Feb,27.359226,29.214422,1.855196
1990-02-19 00:00:00,-3.7,95.1,SI,2,Feb,27.359226,29.114624,1.7553978
1990-03-08 00:00:00,-13.4,78.3,SI,3,Mar,27.635822,28.560009,0.9241867
1990-03-10 00:00:00,-16.9,173.2,SP,3,Mar,27.635822,29.101225,1.4654026
1990-03-14 00:00:00,-9.9,60.3,SI,3,Mar,27.635822,29.152954,1.5171318
1990-03-17 00:00:00,-9.5,160.0,SP,3,Mar,27.635822,29.850468,2.2146454
1990-03-19 00:00:00,-17.0,42.9,SI,3,Mar,27.635822,29.524857,1.8890343
1990-03-19 00:00:00,-12.0,41.0,SI,3,Mar,27.635822,29.191278,1.5554562
1990-03-19 00:00:00,-13.1,135.2,SI,3,Mar,27.635822,30.219921,2.5840988
1990-03-25 00:00:00,-12.3,164.0,SP,3,Mar,27.635822,29.708536,2.0727139
1990-03-29 00:00:00,-12.6,190.2,SP,3,Mar,27.635822,29.795568,2.1597462
1990-04-02 00:00:00,8.5,163.5,WP,4,Apr,27.903801,28.263857,0.36005592
1990-06-21 00:00:00,8.5,148.6,WP,6,Jun,27.499773,29.479548,1.9797745
1990-07-04 00:00:00,10.0,138.0,WP,7,Jul,27.059847,29.667002,2.6071548
1990-07-04 00:00:00,5.0,140.7,WP,7,Jul,27.059847,29.937195,2.877348
1990-07-11 00:00:00,4.6,173.3,WP,7,Jul,27.059847,29.489136,2.4292889
1990-07-16 00:00:00,6.0,150.0,WP,7,Jul,27.059847,29.85677,2.7969227
1990-07-17 00:00:00,14.9,131.9,WP,7,Jul,27.059847,29.518892,2.4590454
1990-08-03 00:00:00,14.9,140.7,WP,8,Aug,26.832039,29.371813,2.539774
1990-08-06 00:00:00,15.0,130.0,WP,8,Aug,26.832039,29.372189,2.5401497
1990-08-21 00:00:00,21.0,140.9,WP,8,Aug,26.832039,29.154541,2.3225021
1990-08-30 00:00:00,4.2,162.0,WP,8,Aug,26.832039,29.787502,2.9554634
1990-09-03 00:00:00,11.0,177.0,WP,9,Sep,26.892912,29.406048,2.513136
1990-09-15 00:00:00,11.5,114.5,WP,9,Sep,26.892912,28.577618,1.6847057
1990-09-19 00:00:00,6.4,182.0,WP,9,Sep,26.892912,29.600088,2.7071762
1990-10-04 00:00:00,17.3,119.2,WP,10,Oct,27.140686,28.532995,1.3923092
1990-10-19 00:00:00,5.4,153.1,WP,10,Oct,27.140686,29.755884,2.6151981
1990-10-22 00:00:00,5.7,153.6,WP,10,Oct,27.140686,29.747696,2.60701
1990-10-26 00:00:00,14.7,162.5,WP,10,Oct,27.140686,28.87814,1.7374535
1990-11-04 00:00:00,8.1,140.6,WP,11,Nov,27.315393,29.457687,2.142294
1990-11-05 00:00:00,12.1,147.3,WP,11,Nov,27.315393,28.758749,1.4433556
1990-11-17 00:00:00,11.5,114.5,WP,11,Nov,27.315393,28.171993,0.8565998
1990-11-20 00:00:00,12.5,139.2,WP,11,Nov,27.315393,28.754658,1.4392643
1990-12-14 00:00:00,-10.2,55.3,SI,12,Dec,27.335693,28.192154,0.8564606
1990-12-19 00:00:00,-3.2,159.2,SP,12,Dec,27.335693,29.838924,2.503231
1990-12-27 00:00:00,-15.1,127.4,SI,12,Dec,27.335693,30.522028,3.1863346
1990-12-29 00:00:00,-8.5,75.3,SI,12,Dec,27.335693,28.396515,1.0608215
1991-01-01 00:00:00,-19.3,35.8,SI,1,Jan,27.31717,28.812557,1.495388
1991-01-03 00:00:00,-15.0,170.0,SP,1,Jan,27.31717,29.026407,1.709238
1991-01-09 00:00:00,-7.6,133.1,SI,1,Jan,27.31717,29.578756,2.2615871
1991-01-18 00:00:00,-6.8,82.7,SI,1,Jan,27.31717,28.75051,1.4333401
1991-01-25 00:00:00,-8.0,85.5,SI,1,Jan,27.31717,28.671902,1.3547325
1991-01-30 00:00:00,-3.6,181.5,SP,1,Jan,27.31717,29.047121,1.7299519
1991-02-01 00:00:00,-6.4,79.9,SI,2,Feb,27.429398,29.026861,1.5974636
1991-02-06 00:00:00,-14.9,149.7,SP,2,Feb,27.429398,29.290756,1.8613586
1991-02-09 00:00:00,-19.0,157.5,SP,2,Feb,27.429398,28.35088,0.9214821
1991-02-10 00:00:00,-9.0,112.0,SI,2,Feb,27.429398,29.087006,1.657608
1991-02-12 00:00:00,-13.0,134.0,SI,2,Feb,27.429398,30.275286,2.8458881
1991-02-19 00:00:00,-14.8,124.0,SI,2,Feb,27.429398,29.98372,2.5543232
1991-03-08 00:00:00,-10.5,192.0,SP,3,Mar,27.710234,29.905594,2.1953602
1991-03-11 00:00:00,-18.8,205.8,SP,3,Mar,27.710234,28.60626,0.8960266
1991-03-15 00:00:00,-14.6,155.6,SP,3,Mar,27.710234,29.366995,1.6567612
1991-03-15 00:00:00,-10.7,54.6,SI,3,Mar,27.710234,29.151648,1.4414139
1991-03-17 00:00:00,-8.2,133.2,SI,3,Mar,27.710234,29.542252,1.8320179
1991-03-18 00:00:00,-16.7,41.4,SI,3,Mar,27.710234,29.577381,1.8671474
1991-03-19 00:00:00,-14.8,121.4,SI,3,Mar,27.710234,30.001291,2.2910576
1991-03-20 00:00:00,-7.0,172.0,SP,3,Mar,27.710234,29.889502,2.179268
1991-03-31 00:00:00,9.9,142.4,WP,3,Mar,27.710234,27.890224,0.17999077
1991-03-31 00:00:00,-8.6,205.7,SP,3,Mar,27.710234,29.697643,1.9874096
1991-04-02 00:00:00,-6.8,77.9,SI,4,Apr,27.963867,29.381771,1.4179039
1991-04-04 00:00:00,-11.0,195.0,SP,4,Apr,27.963867,29.831106,1.867239
1991-04-08 00:00:00,-12.6,102.7,SI,4,Apr,27.963867,28.899231,0.93536377
1991-04-13 00:00:00,-7.5,93.6,SI,4,Apr,27.963867,29.488707,1.5248394
1991-04-20 00:00:00,-7.1,95.2,SI,4,Apr,27.963867,29.624866,1.6609993
1991-04-23 00:00:00,-15.4,119.3,SI,4,Apr,27.963867,29.812134,1.8482666
1991-05-06 00:00:00,15.2,130.5,WP,5,May,27.915905,28.37597,0.46006584
1991-06-06 00:00:00,8.8,172.2,WP,6,Jun,27.550037,28.860596,1.3105583
1991-06-28 00:00:00,12.6,135.1,WP,6,Jun,27.550037,29.236044,1.6860065
1991-07-15 00:00:00,22.3,141.3,WP,7,Jul,27.093384,28.62803,1.534647
1991-07-16 00:00:00,6.1,177.0,WP,7,Jul,27.093384,29.501623,2.4082394
1991-07-23 00:00:00,13.1,159.3,WP,7,Jul,27.093384,28.775167,1.6817837
1991-07-25 00:00:00,11.4,162.5,WP,7,Jul,27.093384,28.992716,1.899332
1991-08-14 00:00:00,11.5,128.4,WP,8,Aug,26.831022,29.320145,2.4891224
1991-08-21 00:00:00,17.5,161.4,WP,8,Aug,26.831022,28.75729,1.9262676
1991-09-03 00:00:00,20.5,129.9,WP,9,Sep,26.826748,29.042822,2.216074
1991-09-04 00:00:00,2.9,174.4,WP,9,Sep,26.826748,28.988342,2.1615944
1991-09-05 00:00:00,7.1,136.9,WP,9,Sep,26.826748,29.5384,2.7116528
1991-09-22 00:00:00,8.6,150.1,WP,9,Sep,26.826748,29.578785,2.752037
1991-09-25 00:00:00,13.5,166.5,WP,9,Sep,26.826748,29.196487,2.3697395
1991-09-26 00:00:00,13.7,160.8,WP,9,Sep,26.826748,29.261822,2.4350739
1991-09-28 00:00:00,13.7,160.8,WP,9,Sep,26.826748,29.261822,2.4350739
1991-10-16 00:00:00,-7.6,97.5,SI,10,Oct,27.007732,27.118856,0.11112404
1991-10-23 00:00:00,-11.6,120.0,SI,10,Oct,27.007732,28.166851,1.1591187
1991-11-29 00:00:00,9.4,149.5,WP,11,Nov,27.136057,29.00041,1.8643532
1991-12-01 00:00:00,8.3,140.6,WP,12,Dec,27.10247,28.576508,1.4740372
1991-12-14 00:00:00,11.0,128.3,WP,12,Dec,27.10247,27.852985,0.750515
1991-12-22 00:00:00,-4.0,163.4,SP,12,Dec,27.10247,29.744389,2.6419182
1991-12-24 00:00:00,-8.7,100.3,SI,12,Dec,27.10247,28.307285,1.2048149
1992-01-02 00:00:00,-10.3,175.1,SP,1,Jan,27.039585,29.633848,2.594263
1992-01-04 00:00:00,-11.2,118.5,SI,1,Jan,27.039585,29.411417,2.371832
1992-01-06 00:00:00,-13.2,120.1,SI,1,Jan,27.039585,29.662539,2.6229534
1992-01-09 00:00:00,-9.0,93.0,SI,1,Jan,27.039585,28.490976,1.4513912
1992-01-10 00:00:00,-11.3,112.2,SI,1,Jan,27.039585,29.030554,1.9909687
1992-01-22 00:00:00,-10.6,83.3,SI,1,Jan,27.039585,28.153294,1.1137085
1992-02-02 00:00:00,-15.9,60.2,SI,2,Feb,27.115355,28.179451,1.0640965
1992-02-05 00:00:00,-11.6,144.3,SP,2,Feb,27.115355,29.492874,2.3775196
1992-02-14 00:00:00,9.8,130.4,WP,2,Feb,27.115355,27.261438,0.14608383
1992-02-14 00:00:00,-13.9,178.0,SP,2,Feb,27.115355,29.428122,2.312767
1992-02-18 00:00:00,-17.4,147.8,SP,2,Feb,27.115355,28.60394,1.4885845
1992-02-22 00:00:00,-10.0,228.6,SP,2,Feb,27.115355,28.171442,1.0560875
1992-02-24 00:00:00,-13.6,124.7,SI,2,Feb,27.115355,29.475338,2.3599834
1992-02-25 00:00:00,-6.5,95.3,SI,2,Feb,27.115355,28.73977,1.6244164
1992-02-28 00:00:00,-9.1,102.0,SI,2,Feb,27.115355,28.784756,1.6694012
1992-03-11 00:00:00,-13.2,95.6,SI,3,Mar,27.369572,28.405283,1.0357113
1992-03-19 00:00:00,-10.3,224.4,SP,3,Mar,27.369572,28.755178,1.3856068
1992-03-30 00:00:00,-9.5,82.0,SI,3,Mar,27.369572,28.678385,1.3088131
1992-04-10 00:00:00,-6.6,85.8,SI,4,Apr,27.616373,29.024124,1.4077511
1992-04-21 00:00:00,-11.7,60.7,SI,4,Apr,27.616373,28.731777,1.1154041
1992-04-24 00:00:00,-4.6,92.3,SI,4,Apr,27.616373,29.332863,1.7164898
1992-06-13 00:00:00,8.3,133.0,WP,6,Jun,27.227749,29.363073,2.1353245
1992-07-04 00:00:00,13.0,147.3,WP,7,Jul,26.805313,28.735361,1.930048
1992-07-21 00:00:00,21.6,118.3,WP,7,Jul,26.805313,28.666248,1.8609352
1992-07-29 00:00:00,17.0,144.1,WP,7,Jul,26.805313,28.506165,1.7008514
1992-08-02 00:00:00,11.9,144.4,WP,8,Aug,26.58239,29.085745,2.503355
1992-08-03 00:00:00,3.8,178.6,WP,8,Aug,26.58239,29.00109,2.4186993
1992-08-23 00:00:00,9.2,159.2,WP,8,Aug,26.58239,29.35165,2.7692604
1992-08-24 00:00:00,11.2,146.7,WP,8,Aug,26.58239,29.116098,2.5337086
1992-08-26 00:00:00,21.6,118.3,WP,8,Aug,26.58239,28.898586,2.3161964
1992-08-26 00:00:00,14.9,116.5,WP,8,Aug,26.58239,28.6892,2.1068096
1992-08-26 00:00:00,17.5,145.6,WP,8,Aug,26.58239,28.828772,2.2463818
1992-08-29 00:00:00,7.5,135.1,WP,8,Aug,26.58239,29.35718,2.7747898
1992-09-10 00:00:00,12.0,142.4,WP,9,Sep,26.623655,29.00206,2.3784046
1992-09-14 00:00:00,11.3,124.8,WP,9,Sep,26.623655,29.015665,2.3920097
1992-09-16 00:00:00,10.7,171.5,WP,9,Sep,26.623655,29.31514,2.6914845
1992-09-18 00:00:00,7.1,136.9,WP,9,Sep,26.623655,29.355377,2.7317219
1992-09-23 00:00:00,20.4,135.4,WP,9,Sep,26.623655,28.785528,2.1618729
1992-09-26 00:00:00,25.9,146.5,WP,9,Sep,26.623655,27.684092,1.0604362
1992-09-28 00:00:00,6.1,149.8,WP,9,Sep,26.623655,29.55061,2.9269543
1992-10-05 00:00:00,8.3,144.4,WP,10,Oct,26.845406,29.230154,2.3847485
1992-10-11 00:00:00,17.8,124.9,WP,10,Oct,26.845406,28.120298,1.2748928
1992-10-22 00:00:00,12.1,150.9,WP,10,Oct,26.845406,28.935598,2.0901928
1992-10-23 00:00:00,14.9,153.5,WP,10,Oct,26.845406,28.62069,1.7752838
1992-10-25 00:00:00,12.2,137.3,WP,10,Oct,26.845406,29.017172,2.1717663
1992-11-08 00:00:00,14.2,147.7,WP,11,Nov,27.0157,28.06389,1.0481911
1992-11-16 00:00:00,-12.9,162.0,SP,11,Nov,27.0157,27.866434,0.8507347
1992-11-19 00:00:00,15.8,119.4,WP,11,Nov,27.0157,27.47044,0.45474052
1992-12-27 00:00:00,-5.1,93.9,SI,12,Dec,27.025784,28.339005,1.313221
1992-12-31 00:00:00,-11.7,112.6,SI,12,Dec,27.025784,29.147308,2.1215248
1993-01-01 00:00:00,-7.9,180.5,SP,1,Jan,27.019098,29.712183,2.6930847
1993-01-01 00:00:00,-6.7,94.8,SI,1,Jan,27.019098,28.618437,1.5993385
1993-01-02 00:00:00,-14.1,62.0,SI,1,Jan,27.019098,27.96615,0.947052
1993-01-07 00:00:00,-8.1,73.7,SI,1,Jan,27.019098,28.510624,1.4915257
1993-01-15 00:00:00,-14.7,150.9,SP,1,Jan,27.019098,28.759348,1.7402496
1993-01-19 00:00:00,-10.8,125.2,SI,1,Jan,27.019098,29.55216,2.533062
1993-01-21 00:00:00,-15.2,56.2,SI,1,Jan,27.019098,27.97667,0.957571
1993-01-27 00:00:00,-15.0,170.0,SP,1,Jan,27.019098,28.775417,1.756319
1993-01-30 00:00:00,-11.0,195.0,SP,1,Jan,27.019098,29.53194,2.5128422
1993-01-30 00:00:00,-14.6,56.5,SI,1,Jan,27.019098,28.024006,1.0049076
1993-01-31 00:00:00,-16.0,171.9,SP,1,Jan,27.019098,28.552893,1.5337944
1993-02-04 00:00:00,-17.0,176.0,SP,2,Feb,27.132309,28.80065,1.6683407
1993-02-09 00:00:00,-9.5,160.0,SP,2,Feb,27.132309,29.523329,2.3910198
1993-02-09 00:00:00,-7.6,88.0,SI,2,Feb,27.132309,28.623383,1.4910736
1993-02-15 00:00:00,-8.4,99.5,SI,2,Feb,27.132309,28.802698,1.6703892
1993-03-02 00:00:00,-11.2,100.2,SI,3,Mar,27.411577,28.856216,1.4446392
1993-03-07 00:00:00,-11.7,115.3,SI,3,Mar,27.411577,29.182917,1.7713394
1993-03-08 00:00:00,-11.2,153.8,SP,3,Mar,27.411577,29.409384,1.9978065
1993-03-10 00:00:00,-12.1,143.3,SP,3,Mar,27.411577,29.550928,2.139351
1993-03-11 00:00:00,-12.4,172.9,SP,3,Mar,27.411577,29.44577,2.034193
1993-03-12 00:00:00,-7.5,66.0,SI,3,Mar,27.411577,29.068876,1.657299
1993-03-28 00:00:00,-12.6,145.1,SP,3,Mar,27.411577,29.092682,1.6811047
1993-04-03 00:00:00,-10.9,113.2,SI,4,Apr,27.663607,29.168976,1.5053692
1993-04-17 00:00:00,-16.9,201.2,SP,4,Apr,27.663607,28.50554,0.8419342
1993-04-26 00:00:00,-8.5,181.0,SP,4,Apr,27.663607,29.671824,2.0082169
1993-05-31 00:00:00,15.5,118.7,WP,5,May,27.623035,29.284336,1.6613007
1993-07-05 00:00:00,11.1,148.0,WP,7,Jul,26.817293,29.032583,2.21529
1993-07-06 00:00:00,5.7,145.1,WP,7,Jul,26.817293,29.623266,2.805973
1993-07-23 00:00:00,8.8,148.8,WP,7,Jul,26.817293,29.278265,2.4609718
1993-08-11 00:00:00,7.9,142.4,WP,8,Aug,26.593422,29.60676,3.013338
1993-08-16 00:00:00,5.0,157.0,WP,8,Aug,26.593422,29.650661,3.0572395
1993-08-25 00:00:00,8.1,140.9,WP,8,Aug,26.593422,29.607687,3.014265
1993-09-04 00:00:00,11.2,146.7,WP,9,Sep,26.632677,29.315712,2.683035
1993-09-05 00:00:00,17.0,130.0,WP,9,Sep,26.632677,29.196592,2.5639153
1993-09-09 00:00:00,9.5,149.8,WP,9,Sep,26.632677,29.469606,2.8369293
1993-09-10 00:00:00,11.2,171.0,WP,9,Sep,26.632677,29.310272,2.6775951
1993-09-21 00:00:00,16.8,111.0,WP,9,Sep,26.632677,28.580881,1.948204
1993-09-25 00:00:00,19.6,136.9,WP,9,Sep,26.632677,29.062994,2.430317
1993-10-01 00:00:00,17.3,119.2,WP,10,Oct,26.86005,28.48889,1.6288395
1993-10-15 00:00:00,14.1,129.4,WP,10,Oct,26.86005,29.015656,2.1556053
1993-10-20 00:00:00,6.4,136.0,WP,10,Oct,26.86005,29.500134,2.6400833
1993-10-26 00:00:00,20.6,158.8,WP,10,Oct,26.86005,27.798029,0.93797874
1993-12-09 00:00:00,-14.0,171.6,SP,12,Dec,27.027956,28.496475,1.4685192
1993-12-13 00:00:00,-13.4,195.3,SP,12,Dec,27.027956,28.785715,1.7577591
1993-12-20 00:00:00,-6.2,75.5,SI,12,Dec,27.027956,28.426966,1.3990097
1993-12-27 00:00:00,-14.5,171.7,SP,12,Dec,27.027956,28.366495,1.3385391
1994-01-03 00:00:00,-4.5,85.5,SI,1,Jan,27.015388,28.60788,1.5924911
1994-01-04 00:00:00,-14.9,149.7,SP,1,Jan,27.015388,28.778913,1.763525
1994-01-27 00:00:00,-10.1,66.6,SI,1,Jan,27.015388,28.56569,1.5503006
1994-01-28 00:00:00,-11.6,103.8,SI,1,Jan,27.015388,28.52595,1.510561
1994-01-31 00:00:00,-14.0,171.6,SP,1,Jan,27.015388,29.068075,2.0526867
1994-02-07 00:00:00,-14.7,146.3,SP,2,Feb,27.143427,29.100416,1.9569893
1994-02-08 00:00:00,-16.3,151.0,SP,2,Feb,27.143427,28.878342,1.7349148
1994-02-22 00:00:00,-19.2,39.9,SI,2,Feb,27.143427,28.993813,1.8503857
1994-02-25 00:00:00,-9.3,181.7,SP,2,Feb,27.143427,29.611345,2.4679184
1994-02-28 00:00:00,-9.0,200.0,SP,2,Feb,27.143427,29.34846,2.2050323
1994-03-01 00:00:00,-12.0,155.0,SP,3,Mar,27.437525,29.430496,1.9929714
1994-03-01 00:00:00,-3.7,91.6,SI,3,Mar,27.437525,29.23165,1.7941246
1994-03-16 00:00:00,-12.1,103.3,SI,3,Mar,27.437525,28.884314,1.4467888
1994-03-20 00:00:00,-11.8,62.0,SI,3,Mar,27.437525,28.852732,1.4152069
1994-03-21 00:00:00,-16.3,150.9,SP,3,Mar,27.437525,28.648432,1.210907
1994-03-21 00:00:00,-11.8,129.3,SI,3,Mar,27.437525,29.578331,2.1408062
1994-03-26 00:00:00,-7.1,95.2,SI,3,Mar,27.437525,29.110138,1.6726131
1994-04-10 00:00:00,-13.1,63.1,SI,4,Apr,27.700687,28.51461,0.8139229
1994-04-11 00:00:00,-6.7,78.0,SI,4,Apr,27.700687,29.233522,1.532835
1994-04-12 00:00:00,-13.4,78.3,SI,4,Apr,27.700687,28.069143,0.3684559
1994-04-24 00:00:00,-6.6,85.8,SI,4,Apr,27.700687,29.227255,1.5265675
1994-04-29 00:00:00,6.0,152.0,WP,4,Apr,27.700687,28.773438,1.0727501
1994-05-16 00:00:00,-9.9,172.5,SP,5,May,27.669039,29.41571,1.7466717
1994-06-14 00:00:00,7.0,155.5,WP,6,Jun,27.305826,29.27149,1.9656639
1994-06-21 00:00:00,3.4,149.1,WP,6,Jun,27.305826,29.553574,2.2477474
1994-07-03 00:00:00,19.7,126.5,WP,7,Jul,26.888447,29.160141,2.2716942
1994-07-09 00:00:00,17.0,168.0,WP,7,Jul,26.888447,27.870382,0.9819355
1994-07-19 00:00:00,7.8,148.0,WP,7,Jul,26.888447,29.524837,2.6363907
1994-07-23 00:00:00,15.8,119.4,WP,7,Jul,26.888447,29.667683,2.7792358
1994-07-23 00:00:00,11.0,130.5,WP,7,Jul,26.888447,29.594168,2.705721
1994-07-27 00:00:00,8.1,160.9,WP,7,Jul,26.888447,29.326946,2.4384995
1994-07-28 00:00:00,20.2,112.4,WP,7,Jul,26.888447,28.46328,1.5748329
1994-08-05 00:00:00,11.3,124.8,WP,8,Aug,26.6642,29.407145,2.7429447
1994-08-05 00:00:00,10.7,141.2,WP,8,Aug,26.6642,29.45,2.785801
1994-08-07 00:00:00,3.6,150.0,WP,8,Aug,26.6642,29.550388,2.8861885
1994-08-08 00:00:00,11.5,119.1,WP,8,Aug,26.6642,29.17451,2.5103092
1994-08-10 00:00:00,8.1,141.8,WP,8,Aug,26.6642,29.653763,2.989563
1994-08-14 00:00:00,15.2,137.3,WP,8,Aug,26.6642,29.254227,2.5900269
1994-08-25 00:00:00,14.4,140.0,WP,8,Aug,26.6642,29.27079,2.6065903
1994-08-31 00:00:00,7.8,174.9,WP,8,Aug,26.6642,29.37888,2.7146797
1994-09-09 00:00:00,12.5,139.2,WP,9,Sep,26.717518,29.267452,2.5499344
1994-09-15 00:00:00,12.0,169.3,WP,9,Sep,26.717518,29.280056,2.5625381
1994-09-16 00:00:00,8.5,170.8,WP,9,Sep,26.717518,29.620918,2.9034004
1994-09-27 00:00:00,17.4,132.4,WP,9,Sep,26.717518,29.10056,2.3830414
1994-10-03 00:00:00,19.0,123.1,WP,10,Oct,26.946253,27.918869,0.9726162
1994-10-13 00:00:00,7.5,150.0,WP,10,Oct,26.946253,29.57731,2.6310577
1994-10-14 00:00:00,8.8,137.6,WP,10,Oct,26.946253,29.398855,2.4526024
1994-11-04 00:00:00,-10.9,102.4,SI,11,Nov,27.114826,27.401134,0.2863083
1994-11-13 00:00:00,-5.6,129.9,SI,11,Nov,27.114826,29.278898,2.164072
1994-11-19 00:00:00,7.1,136.5,WP,11,Nov,27.114826,29.397959,2.2831326
1994-11-20 00:00:00,5.1,163.7,WP,11,Nov,27.114826,29.348911,2.234085
1995-01-06 00:00:00,-7.6,84.1,SI,1,Jan,27.118372,28.52992,1.4115486
1995-01-08 00:00:00,-17.3,118.5,SI,1,Jan,27.118372,29.393576,2.2752037
1995-01-19 00:00:00,-10.3,102.6,SI,1,Jan,27.118372,28.800043,1.6816711
1995-01-20 00:00:00,-9.5,160.0,SP,1,Jan,27.118372,29.575914,2.4575424
1995-01-22 00:00:00,-13.1,135.2,SI,1,Jan,27.118372,30.21416,3.095789
1995-01-28 00:00:00,-13.5,119.8,SI,1,Jan,27.118372,29.650051,2.5316792
1995-01-29 00:00:00,-16.5,112.9,SI,1,Jan,27.118372,28.35571,1.2373371
1995-02-16 00:00:00,-16.1,161.4,SP,2,Feb,27.240938,28.889126,1.6481876
1995-02-17 00:00:00,-10.6,83.3,SI,2,Feb,27.240938,28.613052,1.3721142
1995-02-20 00:00:00,-13.4,66.5,SI,2,Feb,27.240938,28.473984,1.2330456
1995-04-07 00:00:00,-12.0,72.6,SI,4,Apr,27.784723,28.488491,0.7037678
1995-04-26 00:00:00,-15.8,161.1,SP,4,Apr,27.784723,28.45228,0.66755676
1995-05-01 00:00:00,8.3,145.3,WP,5,May,27.749352,28.953985,1.2046337
1995-05-23 00:00:00,16.7,139.4,WP,5,May,27.749352,27.7981,0.048748016
1995-06-03 00:00:00,15.4,130.3,WP,6,Jun,27.37423,29.188202,1.8139725
1995-06-25 00:00:00,14.6,160.3,WP,6,Jun,27.37423,27.917812,0.5435829
1995-07-14 00:00:00,8.7,137.4,WP,7,Jul,26.944145,29.651127,2.7069817
1995-07-16 00:00:00,6.0,159.0,WP,7,Jul,26.944145,29.693714,2.749569
1995-07-27 00:00:00,7.5,145.3,WP,7,Jul,26.944145,29.67794,2.7337952
1995-08-11 00:00:00,9.1,161.4,WP,8,Aug,26.715553,29.67007,2.9545174
1995-08-14 00:00:00,8.2,146.0,WP,8,Aug,26.715553,29.692295,2.9767418
1995-08-15 00:00:00,15.5,168.0,WP,8,Aug,26.715553,28.728535,2.0129814
1995-08-19 00:00:00,16.8,156.5,WP,8,Aug,26.715553,28.914373,2.19882
1995-08-20 00:00:00,8.3,115.1,WP,8,Aug,26.715553,29.25639,2.5408363
1995-08-25 00:00:00,11.6,138.3,WP,8,Aug,26.715553,29.4181,2.702547
1995-08-28 00:00:00,7.0,177.0,WP,8,Aug,26.715553,29.506725,2.791172
1995-08-31 00:00:00,11.1,163.8,WP,8,Aug,26.715553,29.347223,2.63167
1995-09-09 00:00:00,15.6,143.2,WP,9,Sep,26.774088,29.23497,2.4608822
1995-09-10 00:00:00,4.5,154.9,WP,9,Sep,26.774088,29.774103,3.0000153
1995-09-13 00:00:00,14.0,136.0,WP,9,Sep,26.774088,29.274826,2.5007381
1995-09-14 00:00:00,9.5,159.5,WP,9,Sep,26.774088,29.80721,3.033123
1995-09-22 00:00:00,7.1,136.5,WP,9,Sep,26.774088,29.75176,2.9776726
1995-09-24 00:00:00,14.2,147.7,WP,9,Sep,26.774088,29.273956,2.4998684
1995-10-10 00:00:00,16.2,132.2,WP,10,Oct,27.008593,28.901714,1.8931217
1995-11-12 00:00:00,5.8,162.4,WP,11,Nov,27.17148,29.550655,2.3791752
1995-11-16 00:00:00,-14.0,162.4,SP,11,Nov,27.17148,27.73542,0.56394005
1995-11-19 00:00:00,16.5,174.2,WP,11,Nov,27.17148,27.42052,0.2490406
1995-11-24 00:00:00,16.1,116.8,WP,11,Nov,27.17148,27.494263,0.32278252
1995-12-14 00:00:00,4.7,155.1,WP,12,Dec,27.167933,29.24428,2.0763474
1995-12-21 00:00:00,-8.8,60.8,SI,12,Dec,27.167933,28.334698,1.1667652
1995-12-26 00:00:00,13.2,159.3,WP,12,Dec,27.167933,27.463617,0.2956848
1995-12-30 00:00:00,-13.1,119.9,SI,12,Dec,27.167933,29.978348,2.8104153
1996-01-09 00:00:00,-19.3,199.3,SP,1,Jan,27.158571,27.70581,0.5472393
1996-01-17 00:00:00,-13.8,202.1,SP,1,Jan,27.158571,29.273834,2.115263
1996-01-20 00:00:00,-13.1,113.3,SI,1,Jan,27.158571,29.076624,1.9180527
1996-01-24 00:00:00,-21.3,53.5,SI,1,Jan,27.158571,27.504154,0.34558296
1996-01-25 00:00:00,-6.0,66.0,SI,1,Jan,27.158571,28.6244,1.465828
1996-02-16 00:00:00,-9.0,181.7,SP,2,Feb,27.286003,29.826939,2.5409355
1996-02-27 00:00:00,-10.5,164.7,SP,2,Feb,27.286003,29.738419,2.4524155
1996-02-29 00:00:00,-16.0,52.0,SI,2,Feb,27.286003,28.415375,1.1293716
1996-03-06 00:00:00,-13.0,128.0,SI,3,Mar,27.57195,29.860073,2.2881222
1996-03-09 00:00:00,-14.9,137.1,SI,3,Mar,27.57195,30.186708,2.6147575
1996-03-11 00:00:00,-9.3,64.6,SI,3,Mar,27.57195,29.106308,1.5343571
1996-03-28 00:00:00,-8.5,75.3,SI,3,Mar,27.57195,28.9974,1.4254494
1996-04-02 00:00:00,-11.5,161.2,SP,4,Apr,27.828678,29.548824,1.7201462
1996-04-10 00:00:00,-10.3,101.7,SI,4,Apr,27.828678,29.203384,1.3747063
1996-04-23 00:00:00,-14.9,203.4,SP,4,Apr,27.828678,29.167292,1.3386135
1996-04-26 00:00:00,-14.3,127.9,SI,4,Apr,27.828678,29.83248,2.0038013
1996-05-09 00:00:00,-8.4,155.0,SP,5,May,27.78825,29.507122,1.7188721
1996-05-14 00:00:00,4.6,143.6,WP,5,May,27.78825,29.633078,1.8448277
1996-05-28 00:00:00,12.3,151.6,WP,5,May,27.78825,28.07193,0.28367996
1996-07-08 00:00:00,3.4,149.1,WP,7,Jul,26.984987,29.727316,2.7423286
1996-07-23 00:00:00,21.9,154.9,WP,7,Jul,26.984987,27.97553,0.99054337
1996-07-26 00:00:00,11.4,128.9,WP,7,Jul,26.984987,29.495863,2.5108757
1996-07-29 00:00:00,11.2,151.0,WP,7,Jul,26.984987,29.254663,2.2696762
1996-07-31 00:00:00,15.6,153.6,WP,7,Jul,26.984987,28.723017,1.7380295
1996-08-09 00:00:00,8.3,115.1,WP,8,Aug,26.760899,29.293663,2.5327644
1996-08-16 00:00:00,8.3,148.1,WP,8,Aug,26.760899,29.7034,2.942501
1996-08-27 00:00:00,25.2,124.4,WP,8,Aug,26.760899,28.828016,2.0671177
1996-09-01 00:00:00,6.0,140.0,WP,9,Sep,26.818804,29.824352,3.0055485
1996-09-04 00:00:00,9.6,133.7,WP,9,Sep,26.818804,29.380615,2.5618114
1996-09-04 00:00:00,15.8,159.1,WP,9,Sep,26.818804,29.195543,2.3767395
1996-09-05 00:00:00,3.3,175.7,WP,9,Sep,26.818804,28.88798,2.0691757
1996-09-08 00:00:00,12.9,139.0,WP,9,Sep,26.818804,29.303106,2.4843025
1996-09-27 00:00:00,4.9,138.0,WP,9,Sep,26.818804,29.802984,2.9841805
1996-10-22 00:00:00,11.8,152.7,WP,10,Oct,27.046434,29.36109,2.3146553
1996-10-26 00:00:00,11.9,130.3,WP,10,Oct,27.046434,29.271402,2.224968
1996-11-02 00:00:00,12.9,146.2,WP,11,Nov,27.215233,28.710138,1.4949055
1996-11-03 00:00:00,8.5,163.5,WP,11,Nov,27.215233,29.377815,2.1625824
1996-11-03 00:00:00,13.4,119.4,WP,11,Nov,27.215233,28.317179,1.1019459
1996-11-07 00:00:00,11.5,114.5,WP,11,Nov,27.215233,28.304485,1.0892525
1996-11-22 00:00:00,-10.9,102.4,SI,11,Nov,27.215233,27.49364,0.27840805
1996-12-11 00:00:00,-10.2,70.6,SI,12,Dec,27.229235,28.034302,0.80506706
1996-12-19 00:00:00,-10.6,79.7,SI,12,Dec,27.229235,27.681263,0.45202827
1997-01-10 00:00:00,-12.4,119.2,SI,1,Jan,27.218307,29.826822,2.6085148
1997-01-14 00:00:00,4.0,155.4,WP,1,Jan,27.218307,29.00411,1.7858028
1997-01-15 00:00:00,-14.0,60.0,SI,1,Jan,27.218307,28.135254,0.9169464
1997-01-25 00:00:00,-9.9,171.2,SP,1,Jan,27.218307,29.889124,2.6708164
1997-02-08 00:00:00,-11.2,118.5,SI,2,Feb,27.334906,29.213964,1.8790588
1997-02-11 00:00:00,-12.8,140.0,SI,2,Feb,27.334906,29.936766,2.60186
1997-02-15 00:00:00,-6.7,161.3,SP,2,Feb,27.334906,29.916418,2.5815125
1997-02-15 00:00:00,-8.3,100.5,SI,2,Feb,27.334906,29.009155,1.6742496
1997-02-15 00:00:00,-17.6,151.4,SP,2,Feb,27.334906,28.7461,1.4111938
1997-02-18 00:00:00,-9.1,195.1,SP,2,Feb,27.334906,29.7418,2.4068947
1997-02-18 00:00:00,-4.8,86.8,SI,2,Feb,27.334906,28.880692,1.5457859
1997-02-23 00:00:00,-13.1,113.3,SI,2,Feb,27.334906,28.965185,1.6302795
1997-02-26 00:00:00,-9.1,161.7,SP,2,Feb,27.334906,29.885513,2.5506077
1997-03-04 00:00:00,-13.5,170.7,SP,3,Mar,27.61017,29.574015,1.9638443
1997-03-10 00:00:00,-11.3,138.3,SI,3,Mar,27.61017,29.75587,2.1457005
1997-03-16 00:00:00,-13.6,120.5,SI,3,Mar,27.61017,29.60733,1.99716
1997-03-17 00:00:00,-11.3,186.2,SP,3,Mar,27.61017,29.860373,2.2502022
1997-06-05 00:00:00,12.1,138.8,WP,6,Jun,27.504156,29.180695,1.6765385
1997-06-11 00:00:00,22.9,108.4,WP,6,Jun,27.504156,28.707674,1.2035179
1997-07-14 00:00:00,21.9,154.9,WP,7,Jul,27.065624,28.169544,1.10392
1997-07-15 00:00:00,14.9,117.3,WP,7,Jul,27.065624,29.224274,2.1586494
1997-07-16 00:00:00,21.5,156.0,WP,7,Jul,27.065624,28.146513,1.0808887
1997-07-25 00:00:00,9.1,162.7,WP,7,Jul,27.065624,29.391224,2.3255997
1997-08-07 00:00:00,6.1,150.4,WP,8,Aug,26.83976,29.946335,3.106575
1997-08-12 00:00:00,6.0,174.1,WP,8,Aug,26.83976,29.728771,2.8890114
1997-08-16 00:00:00,4.8,142.1,WP,8,Aug,26.83976,29.8975,3.0577393
1997-08-20 00:00:00,2.7,171.4,WP,8,Aug,26.83976,29.27268,2.4329205
1997-08-24 00:00:00,7.0,155.4,WP,8,Aug,26.83976,29.957043,3.1172829
1997-08-25 00:00:00,6.9,130.8,WP,8,Aug,26.83976,29.657263,2.817503
1997-08-26 00:00:00,6.1,177.2,WP,8,Aug,26.83976,29.660074,2.8203144
1997-09-06 00:00:00,9.8,130.4,WP,9,Sep,26.87972,29.405478,2.5257568
1997-09-11 00:00:00,6.4,182.0,WP,9,Sep,26.87972,29.598383,2.7186623
1997-09-17 00:00:00,11.8,143.7,WP,9,Sep,26.87972,29.446712,2.5669918
1997-09-26 00:00:00,17.2,173.9,WP,9,Sep,26.87972,28.660786,1.781065
1997-09-30 00:00:00,23.9,143.7,WP,9,Sep,26.87972,28.571497,1.6917763
1997-10-04 00:00:00,11.3,133.5,WP,10,Oct,27.109114,29.323227,2.2141132
1997-10-07 00:00:00,5.5,138.7,WP,10,Oct,27.109114,29.66965,2.5605354
1997-10-23 00:00:00,9.6,133.7,WP,10,Oct,27.109114,29.39231,2.2831955
1997-11-13 00:00:00,18.2,129.4,WP,11,Nov,27.286795,27.549753,0.26295853
1997-11-17 00:00:00,-14.0,126.0,SI,11,Nov,27.286795,29.68818,2.4013863
1997-11-25 00:00:00,-18.6,42.0,SI,11,Nov,27.286795,27.828821,0.5420265
1997-12-12 00:00:00,-8.8,78.0,SI,12,Dec,27.302137,28.119654,0.8175163
1997-12-25 00:00:00,-10.5,164.7,SP,12,Dec,27.302137,29.383167,2.08103
1997-12-25 00:00:00,-12.4,73.5,SI,12,Dec,27.302137,27.45423,0.15209198
1998-01-03 00:00:00,-13.3,139.2,SI,1,Jan,27.27607,30.267828,2.9917583
1998-01-03 00:00:00,-9.0,189.0,SP,1,Jan,27.27607,29.87177,2.5957012
1998-01-08 00:00:00,8.5,152.9,WP,1,Jan,27.27607,28.243872,0.96780205
1998-01-16 00:00:00,-12.7,66.2,SI,1,Jan,27.27607,28.338842,1.0627728
1998-01-17 00:00:00,-9.9,68.0,SI,1,Jan,27.27607,28.69279,1.4167194
1998-01-18 00:00:00,-10.9,113.2,SI,1,Jan,27.27607,29.329342,2.0532722
1998-02-05 00:00:00,-19.2,50.9,SI,2,Feb,27.394958,28.294743,0.8997841
1998-02-06 00:00:00,-14.3,150.7,SP,2,Feb,27.394958,29.475824,2.0808659
1998-02-21 00:00:00,-14.4,139.0,SI,2,Feb,27.394958,30.438227,3.0432682
1998-03-05 00:00:00,-14.9,185.2,SP,3,Mar,27.668232,29.494339,1.826107
1998-03-08 00:00:00,-7.2,65.5,SI,3,Mar,27.668232,29.264704,1.5964718
1998-03-13 00:00:00,-9.4,80.2,SI,3,Mar,27.668232,29.00453,1.336298
1998-03-25 00:00:00,-13.5,180.4,SP,3,Mar,27.668232,29.678326,2.0100937
1998-03-30 00:00:00,-10.2,55.3,SI,3,Mar,27.668232,29.234299,1.5660667
1998-04-11 00:00:00,-11.0,64.0,SI,4,Apr,27.930822,29.000412,1.0695896
1998-04-18 00:00:00,-13.7,185.0,SP,4,Apr,27.930822,29.478647,1.5478249
1998-04-24 00:00:00,-9.0,200.0,SP,4,Apr,27.930822,29.863194,1.9323711
1998-05-25 00:00:00,-15.7,169.3,SP,5,May,27.884981,27.986195,0.101213455
1998-06-09 00:00:00,11.0,153.5,WP,6,Jun,27.513361,28.872044,1.3586826
1998-07-04 00:00:00,12.2,133.8,WP,7,Jul,27.083263,29.590866,2.5076027
1998-07-10 00:00:00,9.4,149.5,WP,7,Jul,27.083263,29.497412,2.4141483
1998-07-22 00:00:00,11.3,167.5,WP,7,Jul,27.083263,28.850498,1.7672348
1998-07-24 00:00:00,15.8,165.8,WP,7,Jul,27.083263,28.23469,1.1514263
1998-07-30 00:00:00,8.5,139.6,WP,7,Jul,27.083263,29.754232,2.670969
1998-08-03 00:00:00,9.4,146.5,WP,8,Aug,26.859114,29.72022,2.8611069
1998-08-05 00:00:00,3.2,153.3,WP,8,Aug,26.859114,29.711176,2.8520622
1998-08-10 00:00:00,12.9,153.4,WP,8,Aug,26.859114,29.47017,2.6110554
1998-08-26 00:00:00,12.2,122.8,WP,8,Aug,26.859114,29.503248,2.6441345
1998-08-26 00:00:00,8.3,139.2,WP,8,Aug,26.859114,29.801445,2.9423313
1998-09-01 00:00:00,7.1,153.0,WP,9,Sep,26.907795,29.911692,3.0038967
1998-09-01 00:00:00,18.1,152.3,WP,9,Sep,26.907795,29.15838,2.2505856
1998-09-04 00:00:00,15.0,117.8,WP,9,Sep,26.907795,29.154978,2.2471828
1998-09-06 00:00:00,11.0,127.2,WP,9,Sep,26.907795,29.3535,2.4457054
1998-09-10 00:00:00,4.4,164.1,WP,9,Sep,26.907795,29.646814,2.7390194
1998-09-13 00:00:00,27.0,135.0,WP,9,Sep,26.907795,28.464338,1.5565434
1998-09-21 00:00:00,9.5,146.2,WP,9,Sep,26.907795,29.698685,2.7908897
1998-09-22 00:00:00,17.5,133.7,WP,9,Sep,26.907795,29.33208,2.424286
1998-09-28 00:00:00,12.0,144.0,WP,9,Sep,26.907795,29.53674,2.6289444
1998-10-12 00:00:00,8.0,164.0,WP,10,Oct,27.139803,29.778625,2.6388226
1998-10-28 00:00:00,20.1,138.0,WP,10,Oct,27.139803,28.690884,1.5510807
1998-11-01 00:00:00,5.0,140.7,WP,11,Nov,27.313116,29.764069,2.4509525
1998-11-29 00:00:00,15.1,178.0,WP,11,Nov,27.313116,27.73197,0.41885376
1998-11-29 00:00:00,3.3,175.7,WP,11,Nov,27.313116,28.862381,1.5492649
1998-12-17 00:00:00,-15.2,56.2,SI,12,Dec,27.315891,27.43945,0.123558044
1998-12-19 00:00:00,6.6,137.8,WP,12,Dec,27.315891,29.289236,1.9733448
1999-01-04 00:00:00,-20.1,41.8,SI,1,Jan,27.31217,29.464169,2.1519985
1999-01-05 00:00:00,-15.5,155.2,SP,1,Jan,27.31217,29.095707,1.7835369
1999-01-05 00:00:00,-10.7,133.5,SI,1,Jan,27.31217,29.93366,2.6214905
1999-01-24 00:00:00,-13.8,190.8,SP,1,Jan,27.31217,29.431906,2.1197357
1999-01-29 00:00:00,-15.0,65.2,SI,1,Jan,27.31217,27.997808,0.6856384
1999-02-07 00:00:00,-15.7,150.0,SP,2,Feb,27.438402,29.275518,1.8371162
1999-02-07 00:00:00,-7.7,203.8,SP,2,Feb,27.438402,29.380444,1.9420414
1999-02-08 00:00:00,-7.0,97.5,SI,2,Feb,27.438402,29.126938,1.6885357
1999-02-09 00:00:00,-13.2,99.9,SI,2,Feb,27.438402,28.584694,1.1462917
1999-02-13 00:00:00,-15.4,146.2,SP,2,Feb,27.438402,29.212934,1.7745323
1999-02-16 00:00:00,-9.0,181.7,SP,2,Feb,27.438402,29.880325,2.4419231
1999-03-16 00:00:00,9.5,149.8,WP,3,Mar,27.721672,27.974855,0.25318336
1999-03-26 00:00:00,-9.6,138.2,SI,3,Mar,27.721672,29.906826,2.185154
1999-03-28 00:00:00,-11.3,121.1,SI,3,Mar,27.721672,29.657114,1.935442
1999-04-12 00:00:00,8.0,184.3,WP,4,Apr,27.98101,28.314844,0.3338337
1999-04-15 00:00:00,-7.1,167.7,SP,4,Apr,27.98101,30.012024,2.0310135
1999-04-16 00:00:00,-8.4,99.5,SI,4,Apr,27.98101,29.50559,1.52458
1999-05-27 00:00:00,-6.8,77.9,SI,5,May,27.939066,28.981363,1.0422974
1999-06-14 00:00:00,14.0,131.7,WP,6,Jun,27.570013,29.415274,1.8452606
1999-06-23 00:00:00,7.2,157.0,WP,6,Jun,27.570013,29.590265,2.0202522
1999-07-02 00:00:00,15.5,118.7,WP,7,Jul,27.135746,29.757458,2.6217117
1999-07-17 00:00:00,8.3,148.1,WP,7,Jul,27.135746,29.713785,2.5780392
1999-07-21 00:00:00,18.6,115.7,WP,7,Jul,27.135746,29.323343,2.1875973
1999-07-21 00:00:00,18.5,120.0,WP,7,Jul,27.135746,29.719286,2.58354
1999-07-27 00:00:00,7.9,142.1,WP,7,Jul,27.135746,29.89009,2.754345
1999-07-30 00:00:00,11.9,144.4,WP,7,Jul,27.135746,29.505642,2.369896
1999-08-02 00:00:00,9.2,140.3,WP,8,Aug,26.9073,29.860107,2.9528065
1999-08-05 00:00:00,5.6,150.2,WP,8,Aug,26.9073,29.99501,3.0877094
1999-08-07 00:00:00,12.0,128.0,WP,8,Aug,26.9073,29.61378,2.706478
1999-08-21 00:00:00,12.8,125.9,WP,8,Aug,26.9073,29.62381,2.7165089
1999-08-22 00:00:00,5.4,138.6,WP,8,Aug,26.9073,30.052647,3.1453457
1999-09-17 00:00:00,14.4,126.9,WP,9,Sep,26.950724,29.42962,2.478897
1999-09-23 00:00:00,11.4,128.9,WP,9,Sep,26.950724,29.536713,2.585989
1999-09-29 00:00:00,9.7,130.8,WP,9,Sep,26.950724,29.624222,2.6734982
1999-10-04 00:00:00,19.4,153.7,WP,10,Oct,27.177666,28.650034,1.4723682
1999-10-04 00:00:00,7.4,127.6,WP,10,Oct,27.177666,29.569809,2.3921432
1999-10-15 00:00:00,12.0,142.4,WP,10,Oct,27.177666,29.531097,2.3534317
1999-10-23 00:00:00,19.3,137.6,WP,10,Oct,27.177666,28.95522,1.7775536
1999-10-24 00:00:00,7.4,139.7,WP,10,Oct,27.177666,29.866129,2.6884632
1999-10-24 00:00:00,18.3,123.5,WP,10,Oct,27.177666,28.58018,1.4025135
1999-12-01 00:00:00,-8.3,131.6,SI,12,Dec,27.336601,30.06147,2.7248688
1999-12-04 00:00:00,-12.5,72.0,SI,12,Dec,27.336601,27.611557,0.27495575
1999-12-06 00:00:00,4.6,143.6,WP,12,Dec,27.336601,29.570974,2.234373
1999-12-07 00:00:00,-12.8,82.4,SI,12,Dec,27.336601,27.41373,0.077129364
1999-12-17 00:00:00,-11.2,91.2,SI,12,Dec,27.336601,27.572554,0.23595238
1999-12-22 00:00:00,10.3,144.1,WP,12,Dec,27.336601,28.595154,1.2585526
1999-12-25 00:00:00,-3.8,86.2,SI,12,Dec,27.336601,28.844742,1.5081406
2000-01-04 00:00:00,-13.3,69.7,SI,1,Jan,27.312494,28.197683,0.88518906
2000-01-09 00:00:00,-8.3,171.4,SP,1,Jan,27.312494,29.955755,2.643261
2000-01-17 00:00:00,-12.1,143.3,SP,1,Jan,27.312494,29.913874,2.6013794
2000-02-01 00:00:00,-7.5,168.9,SP,2,Feb,27.426386,29.92154,2.4951534
2000-02-01 00:00:00,-10.2,92.0,SI,2,Feb,27.426386,28.96489,1.5385036
2000-02-04 00:00:00,-11.2,153.8,SP,2,Feb,27.426386,29.813683,2.3872967
2000-02-07 00:00:00,-11.1,73.7,SI,2,Feb,27.426386,28.804201,1.3778152
2000-02-18 00:00:00,-15.7,92.8,SI,2,Feb,27.426386,27.55273,0.12634468
2000-02-22 00:00:00,-14.4,146.4,SP,2,Feb,27.426386,29.379179,1.9527931
2000-02-28 00:00:00,-12.1,102.7,SI,2,Feb,27.426386,28.961205,1.5348186
2000-03-04 00:00:00,-18.1,60.1,SI,3,Mar,27.71352,28.08196,0.36844063
2000-03-06 00:00:00,-11.3,186.2,SP,3,Mar,27.71352,29.970873,2.2573528
2000-03-07 00:00:00,-17.3,50.5,SI,3,Mar,27.71352,28.490826,0.7773056
2000-03-12 00:00:00,-11.6,72.2,SI,3,Mar,27.71352,28.909012,1.1954918
2000-03-13 00:00:00,-12.5,72.0,SI,3,Mar,27.71352,28.800476,1.086956
2000-03-23 00:00:00,-15.2,56.2,SI,3,Mar,27.71352,28.74207,1.0285492
2000-04-01 00:00:00,-15.7,151.7,SP,4,Apr,27.977427,28.455511,0.47808456
2000-04-06 00:00:00,-13.2,138.0,SI,4,Apr,27.977427,29.523289,1.5458622
2000-04-17 00:00:00,-12.0,64.0,SI,4,Apr,27.977427,28.94218,0.9647541
2000-04-19 00:00:00,-7.6,88.0,SI,4,Apr,27.977427,29.355476,1.3780499
2000-04-29 00:00:00,-11.0,54.0,SI,4,Apr,27.977427,29.169052,1.1916256
2000-05-15 00:00:00,7.2,133.9,WP,5,May,27.938898,29.584553,1.6456547
2000-06-22 00:00:00,15.4,130.3,WP,6,Jun,27.573895,29.343521,1.7696266
2000-07-03 00:00:00,3.4,155.9,WP,7,Jul,27.147043,29.905796,2.7587528
2000-07-28 00:00:00,6.5,175.5,WP,7,Jul,27.147043,29.543167,2.396124
2000-08-03 00:00:00,20.3,152.2,WP,8,Aug,26.92437,29.015305,2.0909348
2000-08-04 00:00:00,18.7,156.9,WP,8,Aug,26.92437,28.939535,2.0151653
2000-08-12 00:00:00,17.5,141.4,WP,8,Aug,26.92437,29.418772,2.494402
2000-08-13 00:00:00,10.0,143.5,WP,8,Aug,26.92437,29.749805,2.8254356
2000-08-13 00:00:00,6.9,139.2,WP,8,Aug,26.92437,29.946125,3.0217552
2000-08-21 00:00:00,8.5,161.2,WP,8,Aug,26.92437,29.917503,2.9931335
2000-08-25 00:00:00,17.7,125.3,WP,8,Aug,26.92437,29.560137,2.635767
2000-09-04 00:00:00,15.4,133.8,WP,9,Sep,26.982483,29.388687,2.4062042
2000-09-09 00:00:00,5.7,145.1,WP,9,Sep,26.982483,29.987633,3.0051498
2000-09-13 00:00:00,11.9,144.4,WP,9,Sep,26.982483,29.54224,2.5597572
2000-09-19 00:00:00,19.4,130.4,WP,9,Sep,26.982483,29.437382,2.4548988
2000-09-20 00:00:00,24.0,162.3,WP,9,Sep,26.982483,27.981754,0.9992714
2000-09-23 00:00:00,28.6,125.4,WP,9,Sep,26.982483,27.74088,0.75839615
2000-10-02 00:00:00,17.0,144.1,WP,10,Oct,27.226536,29.059,1.8324642
2000-10-11 00:00:00,12.8,133.9,WP,10,Oct,27.226536,29.390522,2.1639862
2000-10-18 00:00:00,6.2,155.5,WP,10,Oct,27.226536,29.938946,2.71241
2000-11-03 00:00:00,-7.3,47.2,SI,11,Nov,27.413496,28.061808,0.6483116
2000-11-12 00:00:00,18.7,155.4,WP,11,Nov,27.413496,27.698786,0.28528976
2000-11-21 00:00:00,8.4,162.5,WP,11,Nov,27.413496,29.524754,2.1112576
2000-11-29 00:00:00,8.5,170.8,WP,11,Nov,27.413496,29.524694,2.1111984
2001-01-16 00:00:00,-11.3,165.0,SP,1,Jan,27.413939,29.747248,2.3333092
2001-01-19 00:00:00,-13.3,69.1,SI,1,Jan,27.413939,28.280773,0.86683464
2001-01-20 00:00:00,-16.8,183.1,SP,1,Jan,27.413939,28.695023,1.2810841
2001-02-03 00:00:00,-6.0,89.5,SI,2,Feb,27.535906,29.061237,1.5253315
2001-02-15 00:00:00,-14.3,180.2,SP,2,Feb,27.535906,29.639383,2.1034775
2001-02-20 00:00:00,-21.4,152.4,SP,2,Feb,27.535906,28.176777,0.64087105
2001-03-07 00:00:00,-11.3,138.3,SI,3,Mar,27.821627,29.990282,2.1686554
2001-03-08 00:00:00,-7.6,77.1,SI,3,Mar,27.821627,29.286789,1.4651623
2001-03-08 00:00:00,-17.4,122.9,SI,3,Mar,27.821627,30.509022,2.687395
2001-03-12 00:00:00,6.5,175.5,WP,3,Mar,27.821627,28.370596,0.54896927
2001-03-18 00:00:00,-9.9,96.3,SI,3,Mar,27.821627,29.420376,1.5987492
2001-03-30 00:00:00,-17.1,40.6,SI,3,Mar,27.821627,29.543419,1.7217922
2001-04-30 00:00:00,-4.6,92.3,SI,4,Apr,28.086437,29.875158,1.7887211
2001-05-01 00:00:00,7.1,140.2,WP,5,May,28.044067,29.473806,1.429739
2001-06-20 00:00:00,9.2,145.9,WP,6,Jun,27.666739,29.521643,1.8549042
2001-07-24 00:00:00,9.4,146.5,WP,7,Jul,27.215658,29.614904,2.3992462
2001-08-01 00:00:00,9.4,142.7,WP,8,Aug,26.990051,29.739037,2.7489853
2001-08-07 00:00:00,5.1,163.7,WP,8,Aug,26.990051,30.035318,3.045267
2001-08-07 00:00:00,14.0,147.5,WP,8,Aug,26.990051,29.497663,2.5076122
2001-08-08 00:00:00,18.4,112.6,WP,8,Aug,26.990051,28.996313,2.0062618
2001-08-12 00:00:00,7.2,155.9,WP,8,Aug,26.990051,30.015095,3.0250435
2001-08-21 00:00:00,19.1,112.3,WP,8,Aug,26.990051,29.060232,2.070181
2001-09-01 00:00:00,7.8,146.7,WP,9,Sep,27.044476,29.805044,2.7605686
2001-09-05 00:00:00,13.4,138.9,WP,9,Sep,27.044476,29.420414,2.3759384
2001-09-07 00:00:00,5.6,150.2,WP,9,Sep,27.044476,29.940573,2.8960972
2001-09-18 00:00:00,9.0,148.8,WP,9,Sep,27.044476,29.769861,2.7253857
2001-09-27 00:00:00,9.1,152.0,WP,9,Sep,27.044476,29.80505,2.7605743
2001-09-30 00:00:00,14.6,152.4,WP,9,Sep,27.044476,29.432037,2.3875618
2001-10-19 00:00:00,16.1,124.5,WP,10,Oct,27.275494,28.86409,1.5885963
2001-10-21 00:00:00,8.6,150.1,WP,10,Oct,27.275494,29.653492,2.3779984
2001-10-27 00:00:00,3.2,153.3,WP,10,Oct,27.275494,29.78214,2.506647
2001-10-28 00:00:00,13.1,159.3,WP,10,Oct,27.275494,29.336973,2.0614796
2001-11-12 00:00:00,-8.4,155.0,SP,11,Nov,27.457726,29.150328,1.6926022
2001-12-18 00:00:00,-11.9,136.5,SI,12,Dec,27.465784,29.779648,2.3138638
2001-12-31 00:00:00,-12.9,158.0,SP,12,Dec,27.465784,29.14581,1.6800251
2002-01-07 00:00:00,-18.6,119.6,SI,1,Jan,27.442074,29.899435,2.4573612
2002-01-09 00:00:00,-15.9,172.0,SP,1,Jan,27.442074,28.986572,1.5444984
2002-01-15 00:00:00,-4.8,84.3,SI,1,Jan,27.442074,28.888151,1.4460773
2002-01-17 00:00:00,-17.2,184.4,SP,1,Jan,27.442074,28.577587,1.1355133
2002-01-18 00:00:00,-6.5,68.3,SI,1,Jan,27.442074,28.862364,1.42029
2002-01-20 00:00:00,-16.6,43.6,SI,1,Jan,27.442074,29.382568,1.9404945
2002-01-23 00:00:00,-10.9,49.9,SI,1,Jan,27.442074,28.661228,1.2191544
2002-01-28 00:00:00,-10.4,183.7,SP,1,Jan,27.442074,30.063019,2.620945
2002-01-28 00:00:00,-11.6,114.7,SI,1,Jan,27.442074,29.588871,2.1467972
2002-01-30 00:00:00,-14.5,170.0,SP,1,Jan,27.442074,29.341019,1.8989449
2002-01-30 00:00:00,-19.0,157.5,SP,1,Jan,27.442074,28.101585,0.65951157
2002-02-09 00:00:00,-11.1,58.5,SI,2,Feb,27.561928,29.017967,1.4560394
2002-02-09 00:00:00,-15.2,56.2,SI,2,Feb,27.561928,28.729273,1.167345
2002-02-14 00:00:00,-14.6,56.5,SI,2,Feb,27.561928,28.806637,1.244709
2002-02-15 00:00:00,-8.1,79.4,SI,2,Feb,27.561928,29.006332,1.4444046
2002-02-15 00:00:00,-10.3,171.2,SP,2,Feb,27.561928,30.052176,2.4902477
2002-02-20 00:00:00,-11.8,62.0,SI,2,Feb,27.561928,29.013947,1.4520187
2002-02-23 00:00:00,-11.8,171.5,SP,2,Feb,27.561928,29.960583,2.398655
2002-03-11 00:00:00,-15.8,150.8,SP,3,Mar,27.835396,28.993643,1.158247
2002-03-29 00:00:00,-12.3,71.8,SI,3,Mar,27.835396,28.999771,1.1643753
2002-03-30 00:00:00,-13.3,69.1,SI,3,Mar,27.835396,28.884588,1.0491924
2002-03-30 00:00:00,-10.6,157.7,SP,3,Mar,27.835396,29.92897,2.0935745
2002-04-08 00:00:00,-13.8,62.5,SI,4,Apr,28.088068,28.720112,0.63204384
2002-04-15 00:00:00,-5.4,70.4,SI,4,Apr,28.088068,29.895468,1.8073997
2002-05-20 00:00:00,-12.5,103.4,SI,5,May,28.048647,28.439129,0.39048195
2002-07-01 00:00:00,14.3,138.6,WP,7,Jul,27.220278,29.410824,2.190546
2002-07-09 00:00:00,18.7,116.8,WP,7,Jul,27.220278,29.426193,2.2059155
2002-07-11 00:00:00,5.7,140.5,WP,7,Jul,27.220278,29.995682,2.775404
2002-07-23 00:00:00,14.2,147.7,WP,7,Jul,27.220278,29.176743,1.9564648
2002-08-04 00:00:00,20.0,160.2,WP,8,Aug,26.985132,28.702198,1.7170658
2002-08-05 00:00:00,17.7,125.3,WP,8,Aug,26.985132,29.620775,2.635643
2002-08-11 00:00:00,10.5,145.3,WP,8,Aug,26.985132,29.71871,2.7335777
2002-08-14 00:00:00,20.3,135.3,WP,8,Aug,26.985132,29.498734,2.5136013
2002-08-24 00:00:00,7.0,151.3,WP,8,Aug,26.985132,29.97378,2.9886475
2002-09-10 00:00:00,18.7,126.7,WP,9,Sep,27.034466,29.494469,2.460003
2002-09-21 00:00:00,23.6,127.7,WP,9,Sep,27.034466,29.202616,2.16815
2002-10-31 00:00:00,13.5,166.5,WP,10,Oct,27.269958,29.215265,1.9453068
2002-10-31 00:00:00,19.7,121.3,WP,10,Oct,27.269958,28.391033,1.1210747
2002-11-28 00:00:00,-10.0,109.4,SI,11,Nov,27.446125,28.322355,0.87623024
2002-11-30 00:00:00,8.0,154.3,WP,11,Nov,27.446125,29.711847,2.2657223
2002-12-01 00:00:00,-10.5,162.8,SP,12,Dec,27.465721,29.539633,2.0739117
2002-12-03 00:00:00,-15.4,119.3,SI,12,Dec,27.465721,29.98862,2.5228996
2003-01-25 00:00:00,-6.5,66.9,SI,1,Jan,27.444399,29.057379,1.6129799
2003-02-06 00:00:00,-12.3,86.4,SI,2,Feb,27.548994,28.69168,1.1426868
2003-02-16 00:00:00,-15.7,146.6,SP,2,Feb,27.548994,29.239582,1.690588
2003-02-18 00:00:00,-15.0,115.3,SI,2,Feb,27.548994,29.436792,1.8877983
2003-02-27 00:00:00,-12.2,89.7,SI,2,Feb,27.548994,28.706848,1.1578541
2003-02-28 00:00:00,-12.2,160.4,SP,2,Feb,27.548994,29.86172,2.312725
2003-03-03 00:00:00,-10.7,133.5,SI,3,Mar,27.821165,29.949593,2.1284275
2003-03-05 00:00:00,-9.7,187.2,SP,3,Mar,27.821165,30.081528,2.2603626
2003-03-20 00:00:00,-7.6,132.8,SI,3,Mar,27.821165,29.641672,1.820507
2003-03-25 00:00:00,-8.8,91.3,SI,3,Mar,27.821165,29.296509,1.4753437
2003-03-28 00:00:00,-6.2,93.2,SI,3,Mar,27.821165,29.428928,1.6077633
2003-04-01 00:00:00,-14.5,179.2,SP,4,Apr,28.090305,29.452866,1.3625603
2003-05-01 00:00:00,-8.8,78.0,SI,5,May,28.051563,28.51,0.45843697
2003-05-10 00:00:00,7.9,142.1,WP,5,May,28.051563,29.43725,1.3856869
2003-05-21 00:00:00,4.4,156.1,WP,5,May,28.051563,29.735998,1.6844349
2003-07-14 00:00:00,11.5,116.2,WP,7,Jul,27.23453,29.420404,2.185875
2003-07-17 00:00:00,6.9,153.6,WP,7,Jul,27.23453,30.009693,2.7751637
2003-07-23 00:00:00,28.0,135.1,WP,7,Jul,27.23453,27.586985,0.35245514
2003-07-29 00:00:00,11.8,130.4,WP,7,Jul,27.23453,29.829159,2.5946293
2003-08-03 00:00:00,19.0,123.1,WP,8,Aug,27.005716,29.655231,2.6495152
2003-08-31 00:00:00,7.7,122.2,WP,8,Aug,27.005716,29.707464,2.701748
2003-09-02 00:00:00,11.1,138.4,WP,9,Sep,27.060802,29.582092,2.5212898
2003-09-18 00:00:00,17.2,131.0,WP,9,Sep,27.060802,29.477167,2.4163647
2003-10-20 00:00:00,14.0,147.5,WP,10,Oct,27.280954,29.37864,2.0976849
2003-11-21 00:00:00,12.4,129.5,WP,11,Nov,27.458668,28.906284,1.4476166
2003-12-07 00:00:00,-15.8,186.9,SP,12,Dec,27.468763,28.270546,0.8017826
2003-12-21 00:00:00,-15.1,127.4,SI,12,Dec,27.468763,30.87398,3.4052162
2004-01-04 00:00:00,-12.5,125.3,SI,1,Jan,27.45321,30.426643,2.9734325
2004-01-11 00:00:00,-11.2,86.0,SI,1,Jan,27.45321,28.335215,0.8820038
2004-01-15 00:00:00,-10.6,83.3,SI,1,Jan,27.45321,28.484348,1.0311375
2004-01-17 00:00:00,-4.5,85.5,SI,1,Jan,27.45321,29.09093,1.6377201
2004-01-22 00:00:00,-10.5,100.3,SI,1,Jan,27.45321,29.011112,1.5579014
2004-01-27 00:00:00,-15.1,192.7,SP,1,Jan,27.45321,29.304886,1.851675
2004-01-28 00:00:00,-10.9,113.2,SI,1,Jan,27.45321,29.699808,2.2465973
2004-02-03 00:00:00,-19.3,199.3,SP,2,Feb,27.559805,28.563934,1.0041294
2004-02-09 00:00:00,-12.8,82.4,SI,2,Feb,27.559805,28.706528,1.1467228
2004-02-10 00:00:00,-9.1,161.7,SP,2,Feb,27.559805,30.01376,2.4539547
2004-02-10 00:00:00,-14.8,155.4,SP,2,Feb,27.559805,29.540909,1.9811039
2004-02-19 00:00:00,-10.9,183.1,SP,2,Feb,27.559805,30.04038,2.4805756
2004-03-04 00:00:00,-13.1,185.7,SP,3,Mar,27.820217,29.882437,2.0622196
2004-03-27 00:00:00,-19.2,41.2,SI,3,Mar,27.820217,29.48289,1.662672
2004-03-31 00:00:00,-19.5,42.3,SI,3,Mar,27.820217,29.690851,1.8706341
2004-04-04 00:00:00,-13.3,162.0,SP,4,Apr,28.072502,29.389042,1.3165398
2004-04-17 00:00:00,-11.1,169.7,SP,4,Apr,28.072502,29.945688,1.8731861
2004-04-25 00:00:00,-13.7,185.0,SP,4,Apr,28.072502,29.72726,1.6547585
2004-05-04 00:00:00,7.0,130.2,WP,5,May,28.041897,29.656567,1.6146698
2004-05-30 00:00:00,4.2,148.3,WP,5,May,28.041897,29.829205,1.7873077
2004-06-07 00:00:00,14.2,129.1,WP,6,Jun,27.658083,29.57102,1.9129372
2004-06-09 00:00:00,7.8,148.0,WP,6,Jun,27.658083,29.639215,1.9811325
2004-06-17 00:00:00,11.5,142.6,WP,6,Jun,27.658083,29.182537,1.5244541
2004-06-20 00:00:00,19.3,137.6,WP,6,Jun,27.658083,28.750452,1.0923691
2004-06-22 00:00:00,8.0,132.8,WP,6,Jun,27.658083,29.98843,2.330347
2004-07-15 00:00:00,12.6,135.1,WP,7,Jul,27.222383,29.573166,2.3507824
2004-07-24 00:00:00,8.6,137.2,WP,7,Jul,27.222383,29.85941,2.6370258
2004-07-28 00:00:00,17.8,124.1,WP,7,Jul,27.222383,29.556063,2.3336792
2004-08-06 00:00:00,12.3,151.6,WP,8,Aug,26.994514,29.595215,2.6007004
2004-08-10 00:00:00,13.2,140.7,WP,8,Aug,26.994514,29.61196,2.617445
2004-08-12 00:00:00,9.4,149.5,WP,8,Aug,26.994514,29.821121,2.8266068
2004-08-26 00:00:00,6.0,156.0,WP,8,Aug,26.994514,30.046518,3.0520039
2004-08-30 00:00:00,8.2,146.0,WP,8,Aug,26.994514,29.919682,2.925167
2004-09-02 00:00:00,13.2,134.5,WP,9,Sep,27.042334,29.50427,2.461937
2004-09-05 00:00:00,11.0,153.5,WP,9,Sep,27.042334,29.703568,2.661234
2004-09-07 00:00:00,11.4,128.9,WP,9,Sep,27.042334,29.550055,2.507721
2004-09-10 00:00:00,22.9,134.4,WP,9,Sep,27.042334,29.208332,2.1659985
2004-09-30 00:00:00,7.7,122.2,WP,9,Sep,27.042334,29.637732,2.595398
2004-10-05 00:00:00,18.7,146.1,WP,10,Oct,27.280035,28.929184,1.649149
2004-10-07 00:00:00,15.2,130.5,WP,10,Oct,27.280035,29.303234,2.023199
2004-10-24 00:00:00,16.1,131.7,WP,10,Oct,27.280035,29.248318,1.9682827
2004-10-31 00:00:00,12.6,135.4,WP,10,Oct,27.280035,29.453009,2.1729736
2004-11-04 00:00:00,13.4,146.4,WP,11,Nov,27.437157,28.71045,1.2732925
2004-11-07 00:00:00,3.1,173.7,WP,11,Nov,27.437157,29.058664,1.6215076
2004-12-17 00:00:00,-12.1,100.0,SI,12,Dec,27.4543,27.82892,0.37462044
2004-12-17 00:00:00,-6.3,77.7,SI,12,Dec,27.4543,28.65449,1.2001896
2004-12-23 00:00:00,-4.0,79.3,SI,12,Dec,27.4543,28.806097,1.3517971
2004-12-28 00:00:00,13.4,155.0,WP,12,Dec,27.4543,27.708216,0.2539158
2005-01-08 00:00:00,-11.1,58.8,SI,1,Jan,27.450953,28.754236,1.3032837
2005-01-08 00:00:00,-12.7,102.9,SI,1,Jan,27.450953,28.612345,1.1613922
2005-01-11 00:00:00,-14.9,44.1,SI,1,Jan,27.450953,29.495722,2.0447693
2005-01-11 00:00:00,-11.2,153.8,SP,1,Jan,27.450953,29.733362,2.2824097
2005-01-11 00:00:00,-10.0,155.0,SP,1,Jan,27.450953,29.871452,2.4204998
2005-01-13 00:00:00,-17.4,149.0,SP,1,Jan,27.450953,28.655933,1.2049809
2005-02-09 00:00:00,-11.7,132.3,SI,2,Feb,27.57038,29.976797,2.4064178
2005-02-21 00:00:00,-9.7,117.5,SI,2,Feb,27.57038,29.442549,1.8721695
2005-02-21 00:00:00,-11.6,140.0,SI,2,Feb,27.57038,30.121103,2.550724
2005-02-28 00:00:00,-7.3,53.0,SI,2,Feb,27.57038,29.04366,1.47328
2005-03-01 00:00:00,-11.9,183.1,SP,3,Mar,27.839788,30.089382,2.2495937
2005-03-08 00:00:00,-9.5,115.7,SI,3,Mar,27.839788,29.55126,1.7114716
2005-03-30 00:00:00,-11.0,64.0,SI,3,Mar,27.839788,29.304892,1.4651031
2005-04-26 00:00:00,-8.1,73.7,SI,4,Apr,28.095678,29.443558,1.3478794
2005-05-08 00:00:00,11.5,114.5,WP,5,May,28.063576,29.68951,1.6259346
2005-05-13 00:00:00,11.9,114.8,WP,5,May,28.063576,29.68951,1.6259346
2005-06-07 00:00:00,7.6,126.1,WP,6,Jun,27.681118,29.881342,2.200224
2005-06-14 00:00:00,15.3,135.3,WP,6,Jun,27.681118,29.22464,1.5435219
2005-07-16 00:00:00,10.8,170.9,WP,7,Jul,27.225437,28.967499,1.7420616
2005-07-23 00:00:00,22.4,134.3,WP,7,Jul,27.225437,28.997797,1.7723598
2005-08-07 00:00:00,23.9,143.7,WP,8,Aug,26.9884,28.891819,1.9034195
2005-08-10 00:00:00,11.1,159.5,WP,8,Aug,26.9884,29.61145,2.6230507
2005-08-11 00:00:00,23.9,143.7,WP,8,Aug,26.9884,28.891819,1.9034195
2005-08-12 00:00:00,20.5,135.1,WP,8,Aug,26.9884,29.49208,2.5036812
2005-08-12 00:00:00,4.4,164.1,WP,8,Aug,26.9884,29.830822,2.8424225
2005-08-19 00:00:00,21.8,129.0,WP,8,Aug,26.9884,29.442295,2.4538956
2005-08-23 00:00:00,7.5,159.2,WP,8,Aug,26.9884,29.94696,2.958561
2005-09-06 00:00:00,8.7,137.4,WP,9,Sep,27.021595,29.703012,2.6814175
2005-09-12 00:00:00,7.0,151.3,WP,9,Sep,27.021595,30.002752,2.9811573
2005-09-26 00:00:00,6.2,153.0,WP,9,Sep,27.021595,30.03424,3.0126457
2005-10-15 00:00:00,11.8,145.7,WP,10,Oct,27.258652,29.55459,2.2959385
2005-10-20 00:00:00,5.1,168.0,WP,10,Oct,27.258652,29.804367,2.5457153
2005-11-07 00:00:00,13.8,180.1,WP,11,Nov,27.418543,28.134594,0.7160511
2005-11-12 00:00:00,5.0,139.0,WP,11,Nov,27.418543,29.816336,2.3977928
2005-11-18 00:00:00,11.1,138.4,WP,11,Nov,27.418543,29.16181,1.743267
2005-11-27 00:00:00,-8.8,60.8,SI,11,Nov,27.418543,27.848278,0.42973518
2005-12-08 00:00:00,6.4,140.0,WP,12,Dec,27.434464,29.446169,2.0117054
2006-01-13 00:00:00,-12.6,100.5,SI,1,Jan,27.427309,28.563726,1.1364174
2006-01-15 00:00:00,-6.0,66.0,SI,1,Jan,27.427309,28.975464,1.5481548
2006-01-21 00:00:00,-15.5,163.7,SP,1,Jan,27.427309,29.082699,1.6553898
2006-01-25 00:00:00,-7.8,94.7,SI,1,Jan,27.427309,29.048817,1.6215076
2006-02-03 00:00:00,-10.0,118.0,SI,2,Feb,27.546898,29.459967,1.9130688
2006-02-03 00:00:00,-16.6,112.3,SI,2,Feb,27.546898,28.72255,1.1756516
2006-02-03 00:00:00,-9.4,60.7,SI,2,Feb,27.546898,28.973114,1.4262161
2006-02-08 00:00:00,-12.3,173.9,SP,2,Feb,27.546898,29.83761,2.2907124
2006-02-08 00:00:00,-16.0,123.1,SI,2,Feb,27.546898,30.314863,2.7679653
2006-02-18 00:00:00,-4.4,95.0,SI,2,Feb,27.546898,29.24246,1.6955624
2006-02-19 00:00:00,-14.3,127.9,SI,2,Feb,27.546898,30.758764,3.2118664
2006-02-27 00:00:00,-9.6,87.0,SI,2,Feb,27.546898,29.085789,1.5388908
2006-03-05 00:00:00,-13.1,63.1,SI,3,Mar,27.815516,29.020864,1.205349
2006-03-06 00:00:00,-10.9,102.4,SI,3,Mar,27.815516,29.374628,1.5591125
2006-03-13 00:00:00,-11.3,112.2,SI,3,Mar,27.815516,29.502764,1.6872482
2006-03-14 00:00:00,-15.3,182.4,SP,3,Mar,27.815516,29.61539,1.7998753
2006-04-01 00:00:00,-9.0,112.0,SI,4,Apr,28.087006,29.46178,1.3747749
2006-06-26 00:00:00,8.4,162.5,WP,6,Jun,27.668175,29.366276,1.698101
2006-07-11 00:00:00,18.9,115.8,WP,7,Jul,27.23145,29.317148,2.085699
2006-07-11 00:00:00,25.0,160.2,WP,7,Jul,27.23145,27.293777,0.06232834
2006-07-23 00:00:00,20.5,144.8,WP,7,Jul,27.23145,28.918457,1.6870079
2006-07-26 00:00:00,22.7,131.3,WP,7,Jul,27.23145,28.876032,1.6445827
2006-07-28 00:00:00,13.3,129.6,WP,7,Jul,27.23145,29.653143,2.4216938
2006-07-30 00:00:00,7.1,136.5,WP,7,Jul,27.23145,30.002096,2.770647
2006-08-08 00:00:00,16.3,129.9,WP,8,Aug,26.996212,29.449924,2.4537125
2006-08-16 00:00:00,5.0,157.8,WP,8,Aug,26.996212,30.082047,3.0858345
2006-08-19 00:00:00,3.6,150.0,WP,8,Aug,26.996212,29.903982,2.9077702
2006-08-25 00:00:00,11.8,193.3,WP,8,Aug,26.996212,28.731668,1.7354565
2006-08-31 00:00:00,18.6,165.7,WP,8,Aug,26.996212,28.683907,1.6876945
2006-09-09 00:00:00,9.1,155.3,WP,9,Sep,27.046349,29.989578,2.9432297
2006-09-10 00:00:00,5.6,193.7,WP,9,Sep,27.046349,29.077026,2.0306778
2006-09-16 00:00:00,17.0,144.1,WP,9,Sep,27.046349,29.453796,2.4074478
2006-09-16 00:00:00,11.0,128.3,WP,9,Sep,27.046349,29.544056,2.4977074
2006-09-18 00:00:00,12.0,192.4,WP,9,Sep,27.046349,29.112972,2.0666237
2006-09-20 00:00:00,17.5,161.4,WP,9,Sep,27.046349,29.168549,2.1222
2006-10-07 00:00:00,16.9,112.3,WP,10,Oct,27.276606,28.05637,0.7797642
2006-10-08 00:00:00,20.1,155.4,WP,10,Oct,27.276606,28.467184,1.1905785
2006-10-12 00:00:00,10.0,138.0,WP,10,Oct,27.276606,29.589228,2.312622
2006-10-13 00:00:00,11.3,133.5,WP,10,Oct,27.276606,29.520294,2.2436886
2006-10-21 00:00:00,17.8,124.1,WP,10,Oct,27.276606,28.67573,1.3991241
2006-10-31 00:00:00,-17.4,122.9,SI,10,Oct,27.276606,27.822407,0.54580116
2006-11-21 00:00:00,21.4,146.2,WP,11,Nov,27.440363,27.557074,0.11671066
2006-11-24 00:00:00,3.8,178.6,WP,11,Nov,27.440363,29.079977,1.6396141
2006-12-07 00:00:00,-13.1,131.2,SI,12,Dec,27.452137,31.095333,3.643196
2006-12-16 00:00:00,-11.8,115.2,SI,12,Dec,27.452137,30.171015,2.7188778
2006-12-24 00:00:00,-7.6,77.1,SI,12,Dec,27.452137,28.542353,1.0902157
2006-12-26 00:00:00,8.3,144.4,WP,12,Dec,27.452137,29.046066,1.5939293
2006-12-29 00:00:00,4.2,162.0,WP,12,Dec,27.452137,29.371649,1.9195118
2007-01-08 00:00:00,-15.8,186.9,SP,1,Jan,27.43266,29.026346,1.593687
2007-01-11 00:00:00,-17.4,122.9,SI,1,Jan,27.43266,30.87774,3.4450817
2007-01-14 00:00:00,-12.0,64.0,SI,1,Jan,27.43266,28.742422,1.309763
2007-01-14 00:00:00,-10.2,70.6,SI,1,Jan,27.43266,28.828176,1.3955173
2007-01-15 00:00:00,-14.9,171.9,SP,1,Jan,27.43266,29.183256,1.750597
2007-01-16 00:00:00,-11.7,113.3,SI,1,Jan,27.43266,29.57135,2.138691
2007-01-18 00:00:00,-15.8,186.9,SP,1,Jan,27.43266,29.026346,1.593687
2007-01-20 00:00:00,-9.6,101.7,SI,1,Jan,27.43266,29.15186,1.7192001
2007-01-20 00:00:00,-11.0,64.0,SI,1,Jan,27.43266,28.84924,1.4165802
2007-01-25 00:00:00,-17.6,156.4,SP,1,Jan,27.43266,28.569921,1.1372623
2007-02-04 00:00:00,-16.9,195.8,SP,2,Feb,27.549004,29.081766,1.5327625
2007-02-09 00:00:00,-8.5,75.3,SI,2,Feb,27.549004,29.005905,1.4569016
2007-02-12 00:00:00,-3.9,170.9,SP,2,Feb,27.549004,29.541265,1.9922619
2007-02-24 00:00:00,5.0,157.8,WP,2,Feb,27.549004,28.897327,1.3483238
2007-03-04 00:00:00,-11.4,156.1,SP,3,Mar,27.814787,29.91513,2.1003437
2007-03-23 00:00:00,-12.2,145.3,SP,3,Mar,27.814787,29.811623,1.9968357
2007-03-30 00:00:00,-8.3,98.5,SI,3,Mar,27.814787,29.356253,1.5414658
2007-03-31 00:00:00,-16.9,195.8,SP,3,Mar,27.814787,29.308805,1.4940186
2007-03-31 00:00:00,-11.1,169.7,SP,3,Mar,27.814787,29.987692,2.172905
2007-04-01 00:00:00,-14.0,171.6,SP,4,Apr,28.07931,29.470999,1.3916893
2007-04-06 00:00:00,-10.5,86.6,SI,4,Apr,28.07931,28.70422,0.62491035
2007-04-12 00:00:00,-10.9,113.2,SI,4,Apr,28.07931,29.59434,1.5150299
2007-04-13 00:00:00,-7.9,69.1,SI,4,Apr,28.07931,29.488632,1.4093227
2007-04-23 00:00:00,8.0,164.0,WP,4,Apr,28.07931,28.599102,0.51979256
2007-04-25 00:00:00,-20.0,38.0,SI,4,Apr,28.07931,28.44795,0.3686409
2007-07-09 00:00:00,5.2,155.5,WP,7,Jul,27.240469,29.970785,2.7303162
2007-07-23 00:00:00,18.8,119.1,WP,7,Jul,27.240469,29.731354,2.4908848
2007-07-27 00:00:00,14.4,115.2,WP,7,Jul,27.240469,29.319546,2.0790768
2007-08-01 00:00:00,5.6,193.7,WP,8,Aug,27.016603,29.083612,2.067009
2007-08-01 00:00:00,13.5,166.5,WP,8,Aug,27.016603,29.222311,2.2057076
2007-08-01 00:00:00,21.1,113.1,WP,8,Aug,27.016603,29.09487,2.0782661
2007-08-04 00:00:00,14.9,117.3,WP,8,Aug,27.016603,29.22734,2.2107372
2007-08-04 00:00:00,10.5,160.4,WP,8,Aug,27.016603,29.67396,2.6573563
2007-08-17 00:00:00,10.7,141.2,WP,8,Aug,27.016603,29.7438,2.7271957
2007-08-26 00:00:00,12.6,146.1,WP,8,Aug,27.016603,29.660229,2.6436253
2007-08-30 00:00:00,3.3,175.7,WP,8,Aug,27.016603,29.30665,2.2900467
2007-08-31 00:00:00,18.7,146.1,WP,8,Aug,27.016603,29.405779,2.3891754
2007-09-04 00:00:00,5.4,138.6,WP,9,Sep,27.061096,30.059666,2.9985695
2007-09-05 00:00:00,11.3,132.4,WP,9,Sep,27.061096,29.589449,2.5283527
2007-09-10 00:00:00,18.3,123.5,WP,9,Sep,27.061096,29.500908,2.4398117
2007-09-22 00:00:00,16.9,112.3,WP,9,Sep,27.061096,28.935654,1.8745575
2007-09-29 00:00:00,20.1,150.8,WP,9,Sep,27.061096,29.159328,2.0982323
2007-10-13 00:00:00,19.8,155.1,WP,10,Oct,27.29666,28.629366,1.3327065
2007-11-06 00:00:00,10.3,144.1,WP,11,Nov,27.467995,29.318071,1.8500767
2007-11-18 00:00:00,-11.0,163.0,SP,11,Nov,27.467995,28.971903,1.5039082
2007-12-14 00:00:00,14.4,126.9,WP,12,Dec,27.48172,27.587702,0.10598183
2007-12-16 00:00:00,-8.5,66.7,SI,12,Dec,27.48172,28.662949,1.1812286
2007-12-18 00:00:00,11.3,167.5,WP,12,Dec,27.48172,28.113455,0.63173485
2007-12-26 00:00:00,-8.4,80.9,SI,12,Dec,27.48172,28.342966,0.8612461
2008-01-07 00:00:00,-11.6,103.8,SI,1,Jan,27.465435,29.070719,1.6052837
2008-01-08 00:00:00,-9.8,99.2,SI,1,Jan,27.465435,29.1488,1.6833649
2008-01-09 00:00:00,-13.3,78.4,SI,1,Jan,27.465435,28.09441,0.6289749
2008-01-13 00:00:00,-17.4,195.7,SP,1,Jan,27.465435,28.432068,0.96663284
2008-01-18 00:00:00,-6.0,49.6,SI,1,Jan,27.465435,28.930973,1.465538
2008-02-04 00:00:00,-16.0,123.1,SI,2,Feb,27.582552,30.352873,2.770321
2008-02-11 00:00:00,-13.3,162.0,SP,2,Feb,27.582552,29.793015,2.2104626
2008-03-01 00:00:00,-13.4,66.5,SI,3,Mar,27.86288,29.085703,1.2228222
2008-04-21 00:00:00,-4.0,163.5,SP,4,Apr,28.129694,29.979717,1.8500233
2008-04-24 00:00:00,-8.1,151.0,SP,4,Apr,28.129694,29.580164,1.45047
2008-05-25 00:00:00,5.0,157.8,WP,5,May,28.089851,29.571613,1.4817619
2008-05-31 00:00:00,8.7,150.1,WP,5,May,28.089851,29.076792,0.9869404
2008-06-03 00:00:00,17.0,141.7,WP,6,Jun,27.71259,28.83312,1.1205311
2008-06-06 00:00:00,16.1,116.0,WP,6,Jun,27.71259,29.510098,1.7975082
2008-07-06 00:00:00,17.9,141.5,WP,7,Jul,27.277903,29.326004,2.0481014
2008-07-11 00:00:00,6.6,137.8,WP,7,Jul,27.277903,30.091614,2.8137112
2008-07-20 00:00:00,7.9,162.9,WP,7,Jul,27.277903,29.77121,2.493307
2008-07-23 00:00:00,12.1,116.0,WP,7,Jul,27.277903,29.440466,2.1625633
2008-07-25 00:00:00,24.5,160.6,WP,7,Jul,27.277903,27.5572,0.27929688
2008-08-09 00:00:00,10.5,136.9,WP,8,Aug,27.046268,29.736958,2.690689
2008-08-09 00:00:00,19.4,126.1,WP,8,Aug,27.046268,29.69013,2.6438618
2008-08-15 00:00:00,19.6,111.1,WP,8,Aug,27.046268,29.325882,2.2796135
2008-08-18 00:00:00,24.3,123.3,WP,8,Aug,27.046268,29.337229,2.2909603
2008-09-04 00:00:00,19.0,155.6,WP,9,Sep,27.096119,29.152222,2.0561028
2008-09-08 00:00:00,8.5,163.5,WP,9,Sep,27.096119,30.18028,3.0841618
2008-09-29 00:00:00,21.0,140.9,WP,9,Sep,27.096119,29.333323,2.2372036
2008-10-11 00:00:00,10.0,148.2,WP,10,Oct,27.324013,29.778355,2.454342
2008-10-15 00:00:00,8.1,143.9,WP,10,Oct,27.324013,29.909689,2.5856762
2008-10-19 00:00:00,4.1,156.1,WP,10,Oct,27.324013,29.92161,2.5975971
2008-10-19 00:00:00,17.8,134.5,WP,10,Oct,27.324013,29.147352,1.8233395
2008-10-20 00:00:00,-16.5,121.9,SI,10,Oct,27.324013,27.960499,0.63648605
2008-10-23 00:00:00,9.2,113.4,WP,10,Oct,27.324013,29.279547,1.955534
2008-11-03 00:00:00,4.8,174.8,WP,11,Nov,27.48727,29.44916,1.9618893
2008-11-18 00:00:00,-3.8,86.2,SI,11,Nov,27.48727,28.703638,1.2163677
2008-12-26 00:00:00,15.6,127.8,WP,12,Dec,27.497604,27.575787,0.07818222
2008-12-28 00:00:00,-7.7,92.9,SI,12,Dec,27.497604,28.520542,1.0229378
2009-01-02 00:00:00,-11.6,144.3,SP,1,Jan,27.463055,29.650166,2.187111
2009-01-19 00:00:00,-19.3,223.2,SP,1,Jan,27.463055,27.834925,0.37187004
2009-01-19 00:00:00,-13.6,124.7,SI,1,Jan,27.463055,30.401093,2.9380379
2009-01-19 00:00:00,-8.6,77.1,SI,1,Jan,27.463055,28.951328,1.4882736
2009-01-21 00:00:00,-10.2,161.8,SP,1,Jan,27.463055,29.93872,2.475666
2009-01-23 00:00:00,-10.8,65.7,SI,1,Jan,27.463055,28.887793,1.4247379
2009-01-28 00:00:00,-15.6,123.7,SI,1,Jan,27.463055,30.517614,3.0545597
2009-01-31 00:00:00,-18.0,122.0,SI,1,Jan,27.463055,30.503653,3.040598
2009-02-11 00:00:00,-12.5,125.3,SI,2,Feb,27.573532,29.90805,2.3345184
2009-02-17 00:00:00,-17.7,196.8,SP,2,Feb,27.573532,28.971146,1.3976135
2009-02-23 00:00:00,-13.0,184.4,SP,2,Feb,27.573532,29.86807,2.2945385
2009-02-28 00:00:00,-11.0,133.0,SI,2,Feb,27.573532,29.90597,2.3324375
2009-03-20 00:00:00,-14.6,156.2,SP,3,Mar,27.835865,29.657648,1.8217831
2009-04-01 00:00:00,-15.1,159.6,SP,4,Apr,28.090559,29.141382,1.0508232
2009-04-07 00:00:00,12.3,129.5,WP,4,Apr,28.090559,28.151117,0.06055832
2009-05-13 00:00:00,-13.2,168.5,SP,5,May,28.052969,28.973738,0.92076874
2009-06-11 00:00:00,16.4,149.8,WP,6,Jun,27.680956,28.401218,0.7202625
2009-06-19 00:00:00,17.6,113.3,WP,6,Jun,27.680956,29.083317,1.4023609
2009-07-18 00:00:00,8.5,144.0,WP,7,Jul,27.253454,29.852018,2.5985641
2009-07-29 00:00:00,26.4,154.4,WP,7,Jul,27.253454,27.405294,0.15184021
2009-08-01 00:00:00,9.1,162.7,WP,8,Aug,27.025967,29.915579,2.8896122
2009-08-03 00:00:00,5.5,162.4,WP,8,Aug,27.025967,30.099648,3.0736809
2009-08-08 00:00:00,17.4,170.2,WP,8,Aug,27.025967,28.641195,1.6152287
2009-08-09 00:00:00,8.3,115.1,WP,8,Aug,27.025967,29.53164,2.5056725
2009-08-13 00:00:00,10.8,115.6,WP,8,Aug,27.025967,29.224163,2.1981964
2009-08-17 00:00:00,14.6,142.2,WP,8,Aug,27.025967,29.57369,2.5477238
2009-08-18 00:00:00,26.6,148.8,WP,8,Aug,27.025967,28.222061,1.1960945
2009-08-23 00:00:00,25.1,160.1,WP,8,Aug,27.025967,28.03588,1.0099125
2009-08-25 00:00:00,13.2,134.5,WP,8,Aug,27.025967,29.602118,2.576151
2009-08-28 00:00:00,17.1,118.6,WP,8,Aug,27.025967,29.59079,2.5648232
2009-09-04 00:00:00,15.7,139.7,WP,9,Sep,27.07819,29.540737,2.4625473
2009-09-13 00:00:00,19.6,165.2,WP,9,Sep,27.07819,28.782637,1.7044468
2009-09-15 00:00:00,9.9,142.4,WP,9,Sep,27.07819,29.798237,2.720047
2009-09-26 00:00:00,12.2,137.3,WP,9,Sep,27.07819,29.595207,2.5170174
2009-09-30 00:00:00,10.1,154.3,WP,9,Sep,27.07819,29.912994,2.8348045
2009-10-01 00:00:00,7.9,142.1,WP,10,Oct,27.317928,29.894598,2.5766697
2009-10-16 00:00:00,15.8,164.6,WP,10,Oct,27.317928,28.889969,1.5720406
2009-10-24 00:00:00,15.7,139.7,WP,10,Oct,27.317928,29.355734,2.0378056
2009-11-17 00:00:00,8.6,141.0,WP,11,Nov,27.494755,29.5676,2.0728455
2009-11-18 00:00:00,-11.7,113.3,SI,11,Nov,27.494755,29.109955,1.6152
2009-11-22 00:00:00,14.4,126.9,WP,11,Nov,27.494755,28.502731,1.0079765
2009-11-29 00:00:00,-18.0,122.0,SI,11,Nov,27.494755,28.726755,1.2320004
2009-12-12 00:00:00,-11.4,158.2,SP,12,Dec,27.499912,29.510817,2.0109043
2009-12-13 00:00:00,-12.6,100.5,SI,12,Dec,27.499912,27.81727,0.31735802
2009-12-22 00:00:00,-14.6,168.0,SP,12,Dec,27.499912,28.790592,1.2906799
2009-12-22 00:00:00,-6.7,94.8,SI,12,Dec,27.499912,28.714205,1.2142925
2010-01-03 00:00:00,-12.0,165.0,SP,1,Jan,27.49178,29.862408,2.3706284
2010-01-08 00:00:00,-8.7,100.3,SI,1,Jan,27.49178,29.219305,1.7275257
2010-01-24 00:00:00,-13.1,160.1,SP,1,Jan,27.49178,29.667665,2.1758862
2010-02-05 00:00:00,-16.5,152.9,SP,2,Feb,27.619318,29.251766,1.6324482
2010-02-10 00:00:00,-16.2,57.6,SI,2,Feb,27.619318,28.573221,0.9539032
2010-02-20 00:00:00,-8.8,60.8,SI,2,Feb,27.619318,29.07602,1.4567013
2010-02-21 00:00:00,-19.3,199.3,SP,2,Feb,27.619318,28.620367,1.001049
2010-02-26 00:00:00,-15.7,154.2,SP,2,Feb,27.619318,29.481953,1.8626347
2010-03-02 00:00:00,-13.7,117.8,SI,3,Mar,27.900003,29.922644,2.0226402
2010-03-03 00:00:00,-4.0,173.0,SP,3,Mar,27.900003,29.669983,1.7699795
2010-03-21 00:00:00,-12.8,183.4,SP,3,Mar,27.900003,30.033665,2.1336613
2010-03-23 00:00:00,-15.8,121.0,SI,3,Mar,27.900003,30.182817,2.282814
2010-03-24 00:00:00,-14.9,185.2,SP,3,Mar,27.900003,29.744543,1.8445396
2010-04-07 00:00:00,-15.8,161.1,SP,4,Apr,28.157814,28.80401,0.64619637
2010-04-12 00:00:00,-14.9,171.9,SP,4,Apr,28.157814,29.263819,1.1060047
2010-04-17 00:00:00,8.4,134.2,WP,4,Apr,28.157814,28.812767,0.654953
2010-05-09 00:00:00,6.9,153.6,WP,5,May,28.108505,29.415707,1.3072014
2010-05-25 00:00:00,13.4,130.0,WP,5,May,28.108505,28.832905,0.72439957
2010-06-02 00:00:00,9.2,145.9,WP,6,Jun,27.735935,29.613537,1.8776016
2010-07-10 00:00:00,21.0,140.9,WP,7,Jul,27.299755,29.056631,1.756876
2010-07-14 00:00:00,22.4,134.3,WP,7,Jul,27.299755,28.986084,1.6863289
2010-07-31 00:00:00,14.6,142.2,WP,7,Jul,27.299755,29.377686,2.0779305
2010-08-01 00:00:00,19.4,124.8,WP,8,Aug,27.05815,29.673512,2.6153622
2010-08-03 00:00:00,17.2,118.0,WP,8,Aug,27.05815,29.594753,2.536604
2010-08-20 00:00:00,4.8,174.8,WP,8,Aug,27.05815,29.721222,2.6630726
2010-08-31 00:00:00,7.9,168.6,WP,8,Aug,27.05815,29.906183,2.848034
2010-09-19 00:00:00,5.0,171.9,WP,9,Sep,27.103899,29.954556,2.8506565
2010-10-11 00:00:00,17.2,132.4,WP,10,Oct,27.340046,29.204926,1.8648796
2010-10-18 00:00:00,6.0,140.9,WP,10,Oct,27.340046,29.987507,2.647461
2010-10-23 00:00:00,6.3,149.5,WP,10,Oct,27.340046,30.023113,2.6830673
2010-11-12 00:00:00,13.8,147.2,WP,11,Nov,27.499752,28.75467,1.2549171
2010-11-15 00:00:00,-13.6,117.5,SI,11,Nov,27.499752,29.355667,1.8559151
2010-11-20 00:00:00,7.0,177.0,WP,11,Nov,27.499752,29.789932,2.2901802
2010-11-22 00:00:00,-8.2,81.4,SI,11,Nov,27.499752,28.039007,0.53925514
2010-11-25 00:00:00,-14.9,119.7,SI,11,Nov,27.499752,29.28467,1.7849178
2010-12-11 00:00:00,-19.2,41.2,SI,12,Dec,27.511852,28.883987,1.3721352
2010-12-14 00:00:00,-15.5,134.8,SI,12,Dec,27.511852,30.486597,2.9747448
2010-12-15 00:00:00,-5.6,129.9,SI,12,Dec,27.511852,30.243757,2.731905
2010-12-17 00:00:00,-11.6,66.1,SI,12,Dec,27.511852,28.028616,0.5167637
2010-12-19 00:00:00,-10.0,154.5,SP,12,Dec,27.511852,29.62234,2.110487
2010-12-30 00:00:00,-14.3,127.9,SI,12,Dec,27.511852,31.389359,3.8775063
2011-01-01 00:00:00,-12.3,86.4,SI,1,Jan,27.501461,28.21373,0.7122688
2011-01-02 00:00:00,-9.1,195.1,SP,1,Jan,27.501461,29.868763,2.367302
2011-01-03 00:00:00,-22.6,36.2,SI,1,Jan,27.501461,28.465425,0.96396446
2011-01-03 00:00:00,-11.7,157.0,SP,1,Jan,27.501461,29.915106,2.4136448
2011-01-09 00:00:00,-9.6,155.0,SP,1,Jan,27.501461,30.050678,2.5492172
2011-01-14 00:00:00,-9.8,85.0,SI,1,Jan,27.501461,28.706446,1.2049847
2011-01-15 00:00:00,-9.2,95.7,SI,1,Jan,27.501461,29.101696,1.600235
2011-01-18 00:00:00,-9.6,138.2,SI,1,Jan,27.501461,30.090353,2.588892
2011-01-23 00:00:00,-10.5,192.0,SP,1,Jan,27.501461,29.936441,2.4349804
2011-01-27 00:00:00,-12.0,60.0,SI,1,Jan,27.501461,28.717117,1.2156563
2011-01-30 00:00:00,-14.4,139.0,SI,1,Jan,27.501461,30.716722,3.2152615
2011-02-03 00:00:00,-8.5,181.0,SP,2,Feb,27.618416,30.161459,2.5430431
2011-02-07 00:00:00,-4.0,173.0,SP,2,Feb,27.618416,29.615545,1.9971294
2011-02-17 00:00:00,-14.8,44.1,SI,2,Feb,27.618416,29.480038,1.8616219
2011-03-03 00:00:00,-14.0,162.4,SP,3,Mar,27.902258,29.758276,1.8560181
2011-03-08 00:00:00,-8.5,60.0,SI,3,Mar,27.902258,29.423977,1.521719
2011-03-22 00:00:00,-14.2,124.9,SI,3,Mar,27.902258,30.18092,2.2786617
2011-03-22 00:00:00,-13.1,135.2,SI,3,Mar,27.902258,30.535543,2.6332855
2011-04-24 00:00:00,-13.2,95.6,SI,4,Apr,28.175816,28.62053,0.4447136
2011-06-10 00:00:00,19.7,121.3,WP,6,Jun,27.780746,29.388304,1.6075573
2011-07-01 00:00:00,2.7,171.4,WP,7,Jul,27.34824,29.67772,2.3294792
2011-07-05 00:00:00,6.6,161.6,WP,7,Jul,27.34824,29.979828,2.631588
2011-07-05 00:00:00,16.3,134.2,WP,7,Jul,27.34824,29.574036,2.2257957
2011-07-18 00:00:00,8.0,167.0,WP,7,Jul,27.34824,29.737677,2.3894367
2011-07-22 00:00:00,20.0,111.2,WP,7,Jul,27.34824,28.971207,1.6229668
2011-07-28 00:00:00,6.8,108.1,WP,7,Jul,27.34824,29.692028,2.3437881
2011-07-30 00:00:00,4.7,158.8,WP,7,Jul,27.34824,30.093584,2.7453442
2011-08-05 00:00:00,9.1,162.7,WP,8,Aug,27.123743,29.980982,2.8572388
2011-08-05 00:00:00,21.7,150.1,WP,8,Aug,27.123743,29.034586,1.9108429
2011-08-15 00:00:00,5.0,157.0,WP,8,Aug,27.123743,30.205715,3.0819721
2011-08-20 00:00:00,20.7,135.8,WP,8,Aug,27.123743,29.5571,2.4333572
2011-09-13 00:00:00,6.0,140.0,WP,9,Sep,27.177158,30.012245,2.8350868
2011-09-13 00:00:00,11.5,119.1,WP,9,Sep,27.177158,29.367764,2.1906052
2011-09-27 00:00:00,13.4,119.4,WP,9,Sep,27.177158,29.416355,2.2391968
2011-09-28 00:00:00,16.2,141.9,WP,9,Sep,27.177158,29.602962,2.4258041
2011-10-11 00:00:00,11.1,147.0,WP,10,Oct,27.409523,29.60663,2.1971073
2011-10-19 00:00:00,18.1,152.3,WP,10,Oct,27.409523,28.868237,1.4587135
2011-10-26 00:00:00,6.0,136.1,WP,10,Oct,27.409523,29.85914,2.4496174
2011-10-27 00:00:00,19.3,117.0,WP,10,Oct,27.409523,28.42416,1.014637
2011-11-02 00:00:00,8.6,150.1,WP,11,Nov,27.580381,29.60242,2.0220394
2011-11-13 00:00:00,9.6,143.2,WP,11,Nov,27.580381,29.432703,1.8523216
2011-11-22 00:00:00,-10.2,161.8,SP,11,Nov,27.580381,29.061426,1.4810448
2011-11-24 00:00:00,2.9,174.4,WP,11,Nov,27.580381,29.287966,1.7075844
2011-12-01 00:00:00,-7.0,130.6,SI,12,Dec,27.59542,30.24438,2.64896
2011-12-03 00:00:00,-9.6,77.5,SI,12,Dec,27.59542,28.32517,0.7297497
2012-01-04 00:00:00,-17.6,151.4,SP,1,Jan,27.580631,28.683578,1.1029472
2012-01-05 00:00:00,-13.0,178.6,SP,1,Jan,27.580631,29.750763,2.1701317
2012-01-07 00:00:00,-12.3,117.7,SI,1,Jan,27.580631,30.027405,2.4467735
2012-01-16 00:00:00,-19.0,113.4,SI,1,Jan,27.580631,28.048727,0.46809578
2012-01-29 00:00:00,-13.1,131.2,SI,1,Jan,27.580631,31.048693,3.4680614
2012-01-31 00:00:00,-10.7,54.6,SI,1,Jan,27.580631,28.864279,1.2836475
2012-02-07 00:00:00,-10.9,164.0,SP,2,Feb,27.692905,30.04711,2.3542042
2012-02-09 00:00:00,-8.6,104.0,SI,2,Feb,27.692905,29.383986,1.6910801
2012-02-18 00:00:00,-11.1,58.8,SI,2,Feb,27.692905,29.219131,1.526226
2012-02-22 00:00:00,-10.3,71.4,SI,2,Feb,27.692905,29.211554,1.5186481
2012-02-27 00:00:00,-6.5,66.9,SI,2,Feb,27.692905,29.27697,1.5840645
2012-02-27 00:00:00,-16.4,51.2,SI,2,Feb,27.692905,28.868767,1.1758614
2012-02-29 00:00:00,-12.3,173.9,SP,2,Feb,27.692905,30.088629,2.3957233
2012-03-11 00:00:00,-7.3,53.0,SI,3,Mar,27.970692,29.77007,1.7993774
2012-03-12 00:00:00,-5.3,161.0,SP,3,Mar,27.970692,30.115635,2.1449432
2012-03-14 00:00:00,-6.0,49.6,SI,3,Mar,27.970692,29.75385,1.7831593
2012-03-18 00:00:00,9.6,143.2,WP,3,Mar,27.970692,28.174927,0.20423508
2012-05-07 00:00:00,14.9,117.3,WP,5,May,28.190393,29.628708,1.4383144
2012-06-06 00:00:00,14.9,140.7,WP,6,Jun,27.813221,29.168158,1.3549366
2012-06-09 00:00:00,6.0,140.9,WP,6,Jun,27.813221,30.133982,2.3207607
2012-07-08 00:00:00,7.1,136.5,WP,7,Jul,27.367357,30.108698,2.7413406
2012-07-09 00:00:00,12.7,150.8,WP,7,Jul,27.367357,29.385763,2.018406
2012-07-16 00:00:00,14.2,164.0,WP,7,Jul,27.367357,28.798391,1.4310341
2012-07-19 00:00:00,10.8,170.9,WP,7,Jul,27.367357,29.161045,1.7936878
2012-07-31 00:00:00,9.1,162.7,WP,7,Jul,27.367357,29.658365,2.291008
2012-08-04 00:00:00,13.1,148.8,WP,8,Aug,27.142754,29.689878,2.5471249
2012-08-07 00:00:00,21.7,131.7,WP,8,Aug,27.142754,29.56121,2.418457
2012-08-08 00:00:00,8.1,141.8,WP,8,Aug,27.142754,29.992397,2.8496437
2012-08-17 00:00:00,8.1,135.9,WP,8,Aug,27.142754,29.949488,2.806734
2012-08-28 00:00:00,17.0,141.7,WP,8,Aug,27.142754,29.6214,2.4786472
2012-09-05 00:00:00,19.4,130.4,WP,9,Sep,27.18879,29.682415,2.4936256
2012-09-24 00:00:00,16.1,146.2,WP,9,Sep,27.18879,29.63891,2.450121
2012-09-25 00:00:00,7.8,137.9,WP,9,Sep,27.18879,29.891453,2.7026634
2012-10-02 00:00:00,7.0,155.4,WP,10,Oct,27.426046,30.041397,2.6153507
2012-10-10 00:00:00,-12.9,175.9,SP,10,Oct,27.426046,28.274689,0.84864235
2012-10-14 00:00:00,15.8,119.4,WP,10,Oct,27.426046,29.100683,1.6746368
2012-11-03 00:00:00,6.0,159.0,WP,11,Nov,27.603718,29.87141,2.2676926
2012-12-09 00:00:00,-12.0,71.8,SI,12,Dec,27.611586,28.053585,0.44199944
2012-12-17 00:00:00,-16.2,120.5,SI,12,Dec,27.611586,30.057993,2.4464073
2012-12-23 00:00:00,11.1,163.8,WP,12,Dec,27.611586,28.188011,0.57642555
2012-12-30 00:00:00,-15.8,121.0,SI,12,Dec,27.611586,30.174086,2.5625
2013-01-07 00:00:00,-10.4,184.9,SP,1,Jan,27.59677,30.09233,2.4955616
2013-01-16 00:00:00,-11.0,54.0,SI,1,Jan,27.59677,28.97637,1.3796005
2013-01-24 00:00:00,-12.3,71.8,SI,1,Jan,27.59677,28.628202,1.0314331
2013-01-27 00:00:00,-15.8,161.1,SP,1,Jan,27.59677,29.11677,1.5200005
2013-02-05 00:00:00,-8.2,81.4,SI,2,Feb,27.703096,29.227688,1.5245914
2013-02-12 00:00:00,-6.0,89.5,SI,2,Feb,27.703096,29.3073,1.6042042
2013-02-19 00:00:00,-4.9,79.4,SI,2,Feb,27.703096,29.329386,1.6262894
2013-02-20 00:00:00,-10.5,192.0,SP,2,Feb,27.703096,30.13302,2.429924
2013-02-22 00:00:00,-7.5,69.2,SI,2,Feb,27.703096,29.299204,1.5961075
2013-03-03 00:00:00,-10.0,132.7,SI,3,Mar,27.977951,29.954967,1.9770164
2013-03-19 00:00:00,-5.3,161.0,SP,3,Mar,27.977951,30.13847,2.1605186
2013-03-28 00:00:00,-16.7,125.2,SI,3,Mar,27.977951,30.72549,2.7475395
2013-04-04 00:00:00,-11.0,54.0,SI,4,Apr,28.234287,29.351007,1.1167202
2013-04-06 00:00:00,-11.2,86.0,SI,4,Apr,28.234287,28.866358,0.63207054
2013-04-11 00:00:00,-6.5,68.3,SI,4,Apr,28.234287,29.892206,1.6579189
2013-04-22 00:00:00,-11.9,110.2,SI,4,Apr,28.234287,29.638275,1.4039879
2013-05-01 00:00:00,6.0,136.1,WP,5,May,28.187233,29.933979,1.7467461
2013-05-07 00:00:00,11.7,114.1,WP,5,May,28.187233,29.715826,1.5285931
2013-06-05 00:00:00,22.9,134.4,WP,6,Jun,27.804728,27.963165,0.15843773
2013-06-16 00:00:00,14.9,131.9,WP,6,Jun,27.804728,29.578825,1.7740974
2013-07-04 00:00:00,21.5,115.0,WP,7,Jul,27.364513,29.061256,1.696743
2013-07-27 00:00:00,9.7,146.4,WP,7,Jul,27.364513,29.795847,2.4313335
2013-08-01 00:00:00,11.4,128.9,WP,8,Aug,27.129961,29.69587,2.5659084
2013-08-03 00:00:00,14.5,144.1,WP,8,Aug,27.129961,29.627558,2.4975967
2013-08-11 00:00:00,23.2,162.6,WP,8,Aug,27.129961,28.308325,1.1783638
2013-08-18 00:00:00,11.5,128.9,WP,8,Aug,27.129961,29.665997,2.5360355
2013-08-22 00:00:00,18.7,156.9,WP,8,Aug,27.129961,29.158392,2.028431
2013-08-25 00:00:00,20.0,111.2,WP,8,Aug,27.129961,29.45142,2.3214588
2013-08-29 00:00:00,15.4,133.8,WP,8,Aug,27.129961,29.59058,2.460619
2013-08-30 00:00:00,14.7,126.3,WP,8,Aug,27.129961,29.579193,2.449232
2013-09-01 00:00:00,14.0,136.0,WP,9,Sep,27.182844,29.551615,2.3687706
2013-09-01 00:00:00,11.5,127.3,WP,9,Sep,27.182844,29.601124,2.4182796
2013-09-14 00:00:00,12.6,146.1,WP,9,Sep,27.182844,29.63446,2.4516163
2013-09-20 00:00:00,5.2,153.1,WP,9,Sep,27.182844,30.130768,2.9479237
2013-09-27 00:00:00,17.2,132.4,WP,9,Sep,27.182844,29.607029,2.4241848
2013-10-01 00:00:00,9.7,130.8,WP,10,Oct,27.413912,29.639805,2.225893
2013-11-26 00:00:00,13.1,133.4,WP,11,Nov,27.59583,28.99206,1.3962288
2013-12-05 00:00:00,14.0,148.4,WP,12,Dec,27.617805,27.906769,0.28896332
2013-12-09 00:00:00,-11.4,93.5,SI,12,Dec,27.617805,27.738165,0.12035942
2014-01-01 00:00:00,-11.6,109.5,SI,1,Jan,27.601885,29.46677,1.8648853
2014-01-02 00:00:00,-21.4,42.3,SI,1,Jan,27.601885,29.739807,2.1379223
2014-01-05 00:00:00,-11.9,136.5,SI,1,Jan,27.601885,30.315376,2.7134914
2014-01-09 00:00:00,-11.9,92.8,SI,1,Jan,27.601885,28.48602,0.8841343
2014-01-10 00:00:00,-11.0,149.6,SP,1,Jan,27.601885,29.655241,2.0533562
2014-01-15 00:00:00,-14.8,139.2,SI,1,Jan,27.601885,30.755577,3.1536922
2014-02-01 00:00:00,-6.0,66.0,SI,2,Feb,27.704458,29.21243,1.5079708
2014-02-04 00:00:00,-16.2,158.0,SP,2,Feb,27.704458,29.393076,1.6886177
2014-02-05 00:00:00,-8.6,135.4,SI,2,Feb,27.704458,29.851858,2.1474
2014-02-16 00:00:00,-6.2,52.9,SI,2,Feb,27.704458,29.1925,1.4880409
2014-02-18 00:00:00,-8.6,75.0,SI,2,Feb,27.704458,29.201733,1.4972744
2014-02-21 00:00:00,-5.0,95.0,SI,2,Feb,27.704458,29.241318,1.5368595
2014-02-21 00:00:00,-16.0,40.6,SI,2,Feb,27.704458,29.550564,1.8461056
2014-03-16 00:00:00,-13.2,168.5,SP,3,Mar,27.96649,29.901306,1.9348164
2014-03-19 00:00:00,10.0,149.7,WP,3,Mar,27.96649,28.132544,0.16605377
2014-03-23 00:00:00,-6.4,90.2,SI,3,Mar,27.96649,29.479458,1.5129681
2014-04-13 00:00:00,-4.8,95.4,SI,4,Apr,28.2191,30.003897,1.7847958
2014-06-15 00:00:00,12.9,117.1,WP,6,Jun,27.806313,30.039892,2.2335796
2014-07-11 00:00:00,5.7,156.3,WP,7,Jul,27.369741,30.064154,2.6944122
2014-07-22 00:00:00,7.6,151.5,WP,7,Jul,27.369741,29.951078,2.581337
2014-08-09 00:00:00,4.0,176.0,WP,8,Aug,27.153147,29.640842,2.4876957
2014-08-19 00:00:00,9.1,152.0,WP,8,Aug,27.153147,30.07395,2.920803
2014-08-22 00:00:00,15.1,145.3,WP,8,Aug,27.153147,29.692892,2.5397453
2014-08-22 00:00:00,17.0,141.7,WP,8,Aug,27.153147,29.683435,2.5302887
2014-08-25 00:00:00,10.1,150.8,WP,8,Aug,27.153147,29.981934,2.8287868
2014-08-28 00:00:00,15.1,162.4,WP,8,Aug,27.153147,29.419394,2.2662468
2014-08-29 00:00:00,15.9,126.9,WP,8,Aug,27.153147,29.827185,2.674038
2014-08-30 00:00:00,12.8,180.8,WP,8,Aug,27.153147,29.099356,1.946209
2014-08-31 00:00:00,-6.6,85.8,SI,8,Aug,27.153147,28.002089,0.8489418
2014-09-02 00:00:00,22.4,173.4,WP,9,Sep,27.196081,28.13498,0.9388981
2014-09-04 00:00:00,8.0,155.8,WP,9,Sep,27.196081,30.258734,3.0626526
2014-09-17 00:00:00,6.0,136.1,WP,9,Sep,27.196081,30.133732,2.9376507
2014-09-27 00:00:00,7.6,176.7,WP,9,Sep,27.196081,30.116056,2.9199753
2014-10-04 00:00:00,4.0,175.0,WP,10,Oct,27.428991,29.555794,2.1268024
2014-10-06 00:00:00,20.7,110.4,WP,10,Oct,27.428991,27.630543,0.20155144
2014-10-16 00:00:00,14.5,144.1,WP,10,Oct,27.428991,29.536636,2.107645
2014-10-26 00:00:00,11.3,124.8,WP,10,Oct,27.428991,29.662851,2.23386
2014-11-06 00:00:00,-14.3,127.9,SI,11,Nov,27.602339,30.668945,3.0666065
2014-11-09 00:00:00,-7.7,80.9,SI,11,Nov,27.602339,28.175716,0.5733776
2014-11-17 00:00:00,-12.0,124.4,SI,11,Nov,27.602339,30.081848,2.4795094
2014-11-23 00:00:00,18.5,152.9,WP,11,Nov,27.602339,28.084888,0.48254967
2014-12-01 00:00:00,-9.6,155.0,SP,12,Dec,27.604416,29.77268,2.1682644
2014-12-02 00:00:00,-12.3,100.4,SI,12,Dec,27.604416,28.156395,0.55197906
2014-12-05 00:00:00,-8.6,205.7,SP,12,Dec,27.604416,29.462982,1.8585663
2014-12-16 00:00:00,-11.8,83.8,SI,12,Dec,27.604416,27.745266,0.14085007
2014-12-19 00:00:00,-15.4,162.8,SP,12,Dec,27.604416,28.5575,0.95308495
2014-12-20 00:00:00,5.9,141.0,WP,12,Dec,27.604416,29.702286,2.0978699
2014-12-21 00:00:00,-4.1,65.3,SI,12,Dec,27.604416,29.195929,1.5915127
