timestamp,lat,lon,BASIN,month,Month Name,Tropical SST,Local SST
1982-04-08 00:00:00,4.0,176.0,WP,4,Apr,27.85258674621582,28.392761
1982-05-04 00:00:00,14.8,115.0,WP,5,May,27.85325813293457,29.10508
1982-05-04 00:00:00,4.8,174.8,WP,5,May,27.85325813293457,28.814432
1982-07-01 00:00:00,15.4,112.2,WP,7,Jul,27.85399627685547,28.770517
1982-07-05 00:00:00,18.1,138.5,WP,7,Jul,27.85399627685547,29.053247
1982-07-07 00:00:00,8.7,137.9,WP,7,Jul,27.85399627685547,29.55163
1982-07-09 00:00:00,19.7,132.7,WP,7,Jul,27.85399627685547,29.065466
1982-07-11 00:00:00,6.7,161.1,WP,7,Jul,27.85399627685547,29.553205
1982-07-20 00:00:00,11.3,132.4,WP,7,Jul,27.85399627685547,29.485407
1982-07-21 00:00:00,13.2,134.5,WP,7,Jul,27.85399627685547,29.346014
1982-07-24 00:00:00,3.4,155.9,WP,7,Jul,27.85399627685547,29.64614
1982-07-28 00:00:00,17.9,132.0,WP,7,Jul,27.85399627685547,29.235785
1982-08-16 00:00:00,10.5,129.0,WP,8,Aug,27.854768753051758,29.312307
1982-08-18 00:00:00,18.3,123.5,WP,8,Aug,27.854768753051758,29.297743
1982-08-21 00:00:00,16.4,149.8,WP,8,Aug,27.854768753051758,29.06363
1982-08-23 00:00:00,21.4,135.6,WP,8,Aug,27.854768753051758,29.047623
1982-08-29 00:00:00,17.5,135.6,WP,8,Aug,27.854768753051758,29.201502
1982-08-31 00:00:00,11.0,130.5,WP,8,Aug,27.854768753051758,29.316248
1982-09-02 00:00:00,16.6,140.4,WP,9,Sep,27.855369567871094,29.115011
1982-09-03 00:00:00,17.0,146.4,WP,9,Sep,27.855369567871094,29.03903
1982-09-09 00:00:00,11.8,143.7,WP,9,Sep,27.855369567871094,29.213009
1982-09-12 00:00:00,16.6,137.4,WP,9,Sep,27.855369567871094,29.1035
1982-09-21 00:00:00,15.6,140.7,WP,9,Sep,27.855369567871094,29.10726
1982-09-25 00:00:00,7.0,155.4,WP,9,Sep,27.855369567871094,29.757462
1982-10-08 00:00:00,20.5,144.8,WP,10,Oct,27.854761123657227,28.287315
1982-11-14 00:00:00,-4.9,170.1,SP,11,Nov,27.853805541992188,29.622562
1982-11-20 00:00:00,-7.3,73.2,SI,11,Nov,27.853805541992188,28.036331
1982-12-04 00:00:00,-13.9,171.8,SP,12,Dec,27.851953506469727,28.472113
1982-12-18 00:00:00,-13.4,123.3,SI,12,Dec,27.851953506469727,30.175537
1983-01-02 00:00:00,-14.9,114.3,SI,1,Jan,27.849393844604492,28.722437
1983-01-08 00:00:00,-6.2,75.5,SI,1,Jan,27.849393844604492,28.563889
1983-01-17 00:00:00,-4.5,92.8,SI,1,Jan,27.849393844604492,28.711456
1983-01-31 00:00:00,-14.7,146.3,SP,1,Jan,27.849393844604492,28.725845
1983-02-09 00:00:00,-20.4,39.0,SI,2,Feb,27.84363555908203,29.05845
1983-02-14 00:00:00,-13.1,119.9,SI,2,Feb,27.84363555908203,29.130493
1983-02-14 00:00:00,-13.3,139.2,SI,2,Feb,27.84363555908203,29.87977
1983-02-28 00:00:00,6.2,152.8,WP,2,Feb,27.84363555908203,28.385708
1983-03-05 00:00:00,-14.2,124.9,SI,3,Mar,27.836524963378906,29.822046
1983-03-07 00:00:00,-14.6,113.8,SI,3,Mar,27.836524963378906,29.18814
1983-04-04 00:00:00,-11.0,149.6,SP,4,Apr,27.829315185546875,29.01948
1983-06-09 00:00:00,8.1,173.3,WP,6,Jun,27.821237564086914,28.818857
1983-07-08 00:00:00,6.3,149.5,WP,7,Jul,27.818283081054688,29.609503
1983-07-21 00:00:00,8.0,154.3,WP,7,Jul,27.818283081054688,29.354523
1983-07-25 00:00:00,15.4,113.0,WP,7,Jul,27.818283081054688,28.838293
1983-08-03 00:00:00,11.8,132.6,WP,8,Aug,27.816635131835938,29.21585
1983-08-09 00:00:00,10.1,130.8,WP,8,Aug,27.816635131835938,29.30186
1983-08-10 00:00:00,14.4,147.8,WP,8,Aug,27.816635131835938,29.079376
1983-08-11 00:00:00,8.3,142.3,WP,8,Aug,27.816635131835938,29.497267
1983-08-14 00:00:00,11.1,116.0,WP,8,Aug,27.816635131835938,28.668852
1983-08-16 00:00:00,7.2,134.2,WP,8,Aug,27.816635131835938,29.499653
1983-08-29 00:00:00,16.3,129.9,WP,8,Aug,27.816635131835938,29.106045
1983-08-29 00:00:00,14.6,176.3,WP,8,Aug,27.816635131835938,28.344751
1983-09-02 00:00:00,10.2,129.9,WP,9,Sep,27.815000534057617,29.101479
1983-09-03 00:00:00,5.6,161.0,WP,9,Sep,27.815000534057617,29.734354
1983-09-05 00:00:00,2.6,158.8,WP,9,Sep,27.815000534057617,29.367569
1983-09-21 00:00:00,21.0,162.2,WP,9,Sep,27.815000534057617,28.136683
1983-09-25 00:00:00,17.9,141.5,WP,9,Sep,27.815000534057617,29.005447
1983-09-30 00:00:00,4.4,147.4,WP,9,Sep,27.815000534057617,29.627182
1983-10-02 00:00:00,20.0,160.2,WP,10,Oct,27.81339454650879,27.71702
1983-10-04 00:00:00,14.0,144.3,WP,10,Oct,27.81339454650879,28.842049
1983-10-07 00:00:00,6.7,138.3,WP,10,Oct,27.81339454650879,29.409761
1983-10-13 00:00:00,10.5,129.0,WP,10,Oct,27.81339454650879,29.079306
1983-10-29 00:00:00,2.1,156.4,WP,10,Oct,27.81339454650879,29.276175
1983-11-14 00:00:00,16.2,118.5,WP,11,Nov,27.81231689453125,27.554907
1983-11-15 00:00:00,5.0,171.6,WP,11,Nov,27.81231689453125,29.31426
1983-11-22 00:00:00,10.6,159.2,WP,11,Nov,27.81231689453125,28.669754
1983-11-30 00:00:00,-8.8,133.9,SI,11,Nov,27.81231689453125,28.148132
1983-12-04 00:00:00,-15.3,182.4,SP,12,Dec,27.810697555541992,28.083279
1983-12-10 00:00:00,-11.6,195.2,SP,12,Dec,27.810697555541992,29.262323
1983-12-16 00:00:00,-9.9,171.2,SP,12,Dec,27.810697555541992,29.494406
1983-12-19 00:00:00,-8.5,100.4,SI,12,Dec,27.810697555541992,28.441603
1983-12-26 00:00:00,-9.0,157.1,SP,12,Dec,27.810697555541992,29.403158
1984-01-04 00:00:00,-4.5,92.8,SI,1,Jan,27.808130264282227,28.827076
1984-01-05 00:00:00,-14.3,107.4,SI,1,Jan,27.808130264282227,27.738995
1984-01-12 00:00:00,-10.0,171.7,SP,1,Jan,27.808130264282227,29.70805
1984-01-14 00:00:00,-12.1,178.1,SP,1,Jan,27.808130264282227,29.423056
1984-01-15 00:00:00,-16.3,151.0,SP,1,Jan,27.808130264282227,28.367212
1984-01-24 00:00:00,-12.0,76.8,SI,1,Jan,27.808130264282227,28.152567
1984-02-06 00:00:00,-12.7,66.2,SI,2,Feb,27.8052978515625,28.53588
1984-02-08 00:00:00,-6.4,89.1,SI,2,Feb,27.8052978515625,28.648764
1984-02-15 00:00:00,-11.0,64.0,SI,2,Feb,27.8052978515625,28.637121
1984-02-18 00:00:00,-10.7,78.4,SI,2,Feb,27.8052978515625,28.636875
1984-02-20 00:00:00,-9.5,193.8,SP,2,Feb,27.8052978515625,29.677088
1984-02-21 00:00:00,-13.0,170.0,SP,2,Feb,27.8052978515625,29.470781
1984-02-22 00:00:00,-10.5,100.3,SI,2,Feb,27.8052978515625,28.777267
1984-03-04 00:00:00,-12.4,151.1,SP,3,Mar,27.80384635925293,29.314428
1984-03-15 00:00:00,-7.9,69.1,SI,3,Mar,27.80384635925293,28.965311
1984-04-06 00:00:00,-20.6,42.7,SI,4,Apr,27.802736282348633,28.754519
1984-06-10 00:00:00,17.7,132.9,WP,6,Jun,27.79195213317871,28.684502
1984-06-15 00:00:00,11.2,131.4,WP,6,Jun,27.79195213317871,29.289919
1984-06-23 00:00:00,10.9,162.2,WP,6,Jun,27.79195213317871,28.466503
1984-06-28 00:00:00,8.6,137.2,WP,6,Jun,27.79195213317871,29.417383
1984-07-06 00:00:00,12.4,146.1,WP,7,Jul,27.784177780151367,29.070456
1984-07-08 00:00:00,22.1,146.3,WP,7,Jul,27.784177780151367,28.323849
1984-07-13 00:00:00,9.4,149.5,WP,7,Jul,27.784177780151367,29.329393
1984-07-17 00:00:00,15.9,131.1,WP,7,Jul,27.784177780151367,29.291016
1984-07-31 00:00:00,20.9,158.1,WP,7,Jul,27.784177780151367,27.899588
1984-08-01 00:00:00,18.7,160.2,WP,8,Aug,27.774877548217773,28.635778
1984-08-02 00:00:00,6.2,153.0,WP,8,Aug,27.774877548217773,29.81684
1984-08-04 00:00:00,7.9,162.9,WP,8,Aug,27.774877548217773,29.67078
1984-08-06 00:00:00,15.3,135.3,WP,8,Aug,27.774877548217773,29.245655
1984-08-12 00:00:00,13.4,138.9,WP,8,Aug,27.774877548217773,29.258068
1984-08-29 00:00:00,11.7,120.9,WP,8,Aug,27.774877548217773,29.068125
1984-09-08 00:00:00,11.9,114.8,WP,9,Sep,27.766027450561523,28.407566
1984-09-10 00:00:00,8.0,184.3,WP,9,Sep,27.766027450561523,29.442999
1984-09-15 00:00:00,8.5,152.9,WP,9,Sep,27.766027450561523,29.70051
1984-09-17 00:00:00,12.8,130.3,WP,9,Sep,27.766027450561523,29.07569
1984-09-19 00:00:00,11.1,121.1,WP,9,Sep,27.766027450561523,28.914894
1984-09-19 00:00:00,9.3,148.5,WP,9,Sep,27.766027450561523,29.506495
1984-09-27 00:00:00,16.1,131.7,WP,9,Sep,27.766027450561523,29.11617
1984-10-20 00:00:00,13.9,130.6,WP,10,Oct,27.75776481628418,28.951702
1984-11-01 00:00:00,12.1,149.2,WP,11,Nov,27.75020408630371,28.587057
1984-11-16 00:00:00,7.4,139.7,WP,11,Nov,27.75020408630371,29.199015
1985-01-02 00:00:00,-5.0,95.0,SI,1,Jan,27.739648818969727,28.84591
1985-01-02 00:00:00,-11.0,110.4,SI,1,Jan,27.739648818969727,28.990643
1985-01-03 00:00:00,-12.9,62.4,SI,1,Jan,27.739648818969727,28.17251
1985-01-23 00:00:00,-13.7,64.7,SI,1,Jan,27.739648818969727,28.033466
1985-03-26 00:00:00,-13.4,76.0,SI,3,Mar,27.732484817504883,28.468536
1985-04-13 00:00:00,-4.1,65.3,SI,4,Apr,27.730133056640625,29.601177
1985-04-18 00:00:00,-12.3,86.4,SI,4,Apr,27.730133056640625,28.204798
1985-07-01 00:00:00,9.5,149.8,WP,7,Jul,27.740699768066406,29.279383
1985-07-05 00:00:00,9.6,150.9,WP,7,Jul,27.740699768066406,29.213953
1985-07-09 00:00:00,18.0,123.1,WP,7,Jul,27.740699768066406,29.278347
1985-07-25 00:00:00,17.9,141.5,WP,7,Jul,27.740699768066406,28.742521
1985-07-30 00:00:00,9.2,145.9,WP,7,Jul,27.740699768066406,29.369665
1985-08-07 00:00:00,15.2,137.3,WP,8,Aug,27.74918556213379,29.100515
1985-08-10 00:00:00,6.5,175.5,WP,8,Aug,27.74918556213379,29.482382
1985-08-14 00:00:00,18.7,126.7,WP,8,Aug,27.74918556213379,29.069117
1985-08-24 00:00:00,7.8,137.9,WP,8,Aug,27.74918556213379,29.565832
1985-09-04 00:00:00,6.8,108.1,WP,9,Sep,27.759056091308594,28.86849
1985-09-25 00:00:00,8.5,138.9,WP,9,Sep,27.759056091308594,29.476828
1985-10-04 00:00:00,11.1,159.5,WP,10,Oct,27.768892288208008,29.295092
1985-10-09 00:00:00,16.8,146.7,WP,10,Oct,27.768892288208008,28.674269
1985-10-10 00:00:00,14.6,176.3,WP,10,Oct,27.768892288208008,28.594269
1985-10-18 00:00:00,8.9,135.2,WP,10,Oct,27.768892288208008,29.284979
1985-10-29 00:00:00,7.9,140.7,WP,10,Oct,27.768892288208008,29.41311
1986-01-09 00:00:00,-7.6,133.1,SI,1,Jan,27.799543380737305,29.461412
1986-01-11 00:00:00,-13.1,89.1,SI,1,Jan,27.799543380737305,27.631071
1986-01-30 00:00:00,-11.0,78.0,SI,1,Jan,27.799543380737305,28.361526
1986-02-01 00:00:00,-21.3,40.7,SI,2,Feb,27.809091567993164,29.034018
1986-02-25 00:00:00,-12.7,66.2,SI,2,Feb,27.809091567993164,28.64158
1986-03-05 00:00:00,-8.1,51.8,SI,3,Mar,27.818464279174805,29.2319
1986-03-13 00:00:00,-7.7,80.9,SI,3,Mar,27.818464279174805,28.955734
1986-03-16 00:00:00,-18.9,56.0,SI,3,Mar,27.818464279174805,28.075556
1986-03-25 00:00:00,-9.1,102.0,SI,3,Mar,27.818464279174805,29.154886
1986-06-19 00:00:00,12.8,130.3,WP,6,Jun,27.83888816833496,29.27509
1986-07-02 00:00:00,3.8,178.6,WP,7,Jul,27.839981079101562,28.996977
1986-07-04 00:00:00,17.7,132.9,WP,7,Jul,27.839981079101562,29.185797
1986-07-11 00:00:00,17.1,115.9,WP,7,Jul,27.839981079101562,29.142181
1986-07-13 00:00:00,24.3,145.1,WP,7,Jul,27.839981079101562,27.909056
1986-07-17 00:00:00,15.2,137.4,WP,7,Jul,27.839981079101562,29.16652
1986-07-29 00:00:00,15.4,113.0,WP,7,Jul,27.839981079101562,28.948221
1986-08-03 00:00:00,12.4,135.8,WP,8,Aug,27.839004516601562,29.23064
1986-08-06 00:00:00,13.1,148.8,WP,8,Aug,27.839004516601562,29.216177
1986-08-14 00:00:00,14.6,142.2,WP,8,Aug,27.839004516601562,29.156612
1986-08-16 00:00:00,23.5,144.3,WP,8,Aug,27.839004516601562,28.547104
1986-08-24 00:00:00,19.7,126.6,WP,8,Aug,27.839004516601562,29.203766
1986-09-13 00:00:00,10.8,170.9,WP,9,Sep,27.836227416992188,29.376389
1986-10-09 00:00:00,5.2,147.5,WP,10,Oct,27.83269500732422,29.679365
1986-10-24 00:00:00,11.6,138.3,WP,10,Oct,27.83269500732422,29.19051
1986-10-26 00:00:00,18.7,139.3,WP,10,Oct,27.83269500732422,28.68635
1986-11-08 00:00:00,13.2,134.5,WP,11,Nov,27.82671356201172,28.577074
1986-11-13 00:00:00,7.5,150.0,WP,11,Nov,27.82671356201172,29.45454
1986-12-14 00:00:00,-18.6,119.6,SI,12,Dec,27.81947135925293,29.066319
1987-01-01 00:00:00,-11.7,132.3,SI,1,Jan,27.81285858154297,30.177305
1987-01-13 00:00:00,-16.5,121.9,SI,1,Jan,27.81285858154297,30.029749
1987-01-25 00:00:00,-6.5,95.3,SI,1,Jan,27.81285858154297,28.77973
1987-02-11 00:00:00,-16.0,52.0,SI,2,Feb,27.807180404663086,28.424875
1987-02-28 00:00:00,-15.4,128.0,SI,2,Feb,27.807180404663086,30.484564
1987-03-15 00:00:00,-7.7,80.9,SI,3,Mar,27.801862716674805,28.775045
1987-03-16 00:00:00,-12.1,126.0,SI,3,Mar,27.801862716674805,29.490868
1987-04-19 00:00:00,-11.6,114.7,SI,4,Apr,27.798383712768555,29.232067
1987-04-23 00:00:00,-8.0,78.0,SI,4,Apr,27.798383712768555,28.965229
1987-05-28 00:00:00,-6.5,68.3,SI,5,May,27.796676635742188,29.044874
1987-05-30 00:00:00,5.7,156.3,WP,5,May,27.796676635742188,29.150553
1987-07-09 00:00:00,20.0,146.2,WP,7,Jul,27.794588088989258,28.691748
1987-07-13 00:00:00,17.3,143.6,WP,7,Jul,27.794588088989258,28.95052
1987-07-15 00:00:00,13.8,138.6,WP,7,Jul,27.794588088989258,29.257406
1987-07-23 00:00:00,8.9,130.1,WP,7,Jul,27.794588088989258,29.617468
1987-07-24 00:00:00,15.8,159.1,WP,7,Jul,27.794588088989258,28.270308
1987-07-28 00:00:00,3.0,150.2,WP,7,Jul,27.794588088989258,29.615768
1987-08-18 00:00:00,16.1,160.3,WP,8,Aug,27.79524803161621,28.803522
1987-08-29 00:00:00,5.0,157.8,WP,8,Aug,27.79524803161621,29.695948
1987-09-06 00:00:00,12.1,147.3,WP,9,Sep,27.796430587768555,29.243658
1987-09-15 00:00:00,12.3,151.6,WP,9,Sep,27.796430587768555,29.295969
1987-09-17 00:00:00,16.1,146.6,WP,9,Sep,27.796430587768555,29.170547
1987-09-19 00:00:00,21.6,118.3,WP,9,Sep,27.796430587768555,28.856565
1987-09-20 00:00:00,18.4,141.1,WP,9,Sep,27.796430587768555,29.183365
1987-10-05 00:00:00,8.5,170.8,WP,10,Oct,27.7984676361084,29.651583
1987-10-06 00:00:00,10.8,120.8,WP,10,Oct,27.7984676361084,28.992657
1987-10-09 00:00:00,-4.1,65.3,SI,10,Oct,27.7984676361084,28.387646
1987-11-19 00:00:00,9.6,133.7,WP,11,Nov,27.801727294921875,28.99294
1987-11-19 00:00:00,-7.6,133.1,SI,11,Nov,27.801727294921875,28.830399
1987-12-15 00:00:00,-7.4,77.8,SI,12,Dec,27.805959701538086,28.287178
1988-01-03 00:00:00,-14.9,55.9,SI,1,Jan,27.80937957763672,28.110456
1988-01-03 00:00:00,-3.7,91.6,SI,1,Jan,27.80937957763672,28.85024
1988-01-17 00:00:00,-14.9,114.3,SI,1,Jan,27.80937957763672,28.890463
1988-01-18 00:00:00,-9.5,78.0,SI,1,Jan,27.80937957763672,28.524462
1988-01-20 00:00:00,9.1,161.4,WP,1,Jan,27.80937957763672,27.924496
1988-02-03 00:00:00,-16.4,43.1,SI,2,Feb,27.8138484954834,29.153032
1988-02-10 00:00:00,-15.8,139.3,SI,2,Feb,27.8138484954834,30.24948
1988-02-16 00:00:00,-13.7,64.7,SI,2,Feb,27.8138484954834,28.502203
1988-02-22 00:00:00,-6.6,69.6,SI,2,Feb,27.8138484954834,28.777618
1988-03-04 00:00:00,-14.6,124.2,SI,3,Mar,27.81768035888672,30.182217
1988-05-28 00:00:00,13.8,133.3,WP,5,May,27.8195858001709,28.495846
1988-06-15 00:00:00,15.1,125.0,WP,6,Jun,27.821504592895508,29.389198
1988-07-03 00:00:00,7.5,175.5,WP,7,Jul,27.824350357055664,29.259802
1988-07-05 00:00:00,20.7,135.8,WP,7,Jul,27.824350357055664,28.973791
1988-07-08 00:00:00,16.2,133.3,WP,7,Jul,27.824350357055664,29.219172
1988-07-13 00:00:00,8.4,131.4,WP,7,Jul,27.824350357055664,29.5943
1988-07-13 00:00:00,18.0,123.1,WP,7,Jul,27.824350357055664,29.394005
1988-07-16 00:00:00,23.7,124.0,WP,7,Jul,27.824350357055664,28.863125
1988-07-24 00:00:00,13.5,166.5,WP,7,Jul,27.824350357055664,28.505283
1988-08-07 00:00:00,11.0,127.2,WP,8,Aug,27.829320907592773,29.330349
1988-08-07 00:00:00,12.9,153.4,WP,8,Aug,27.829320907592773,29.37496
1988-08-27 00:00:00,14.4,140.0,WP,8,Aug,27.829320907592773,29.26723
1988-08-28 00:00:00,21.6,139.0,WP,8,Aug,27.829320907592773,29.011972
1988-09-12 00:00:00,20.2,148.4,WP,9,Sep,27.83421516418457,28.928736
1988-10-06 00:00:00,-13.3,119.4,SI,10,Oct,27.840383529663086,28.106289
1988-10-09 00:00:00,16.6,130.5,WP,10,Oct,27.840383529663086,28.856647
1988-10-11 00:00:00,3.1,179.0,WP,10,Oct,27.840383529663086,28.614044
1988-10-15 00:00:00,13.2,143.8,WP,10,Oct,27.840383529663086,29.145468
1988-10-23 00:00:00,13.8,114.5,WP,10,Oct,27.840383529663086,28.409933
1988-11-07 00:00:00,10.0,179.9,WP,11,Nov,27.846364974975586,28.850521
1988-11-07 00:00:00,10.5,110.8,WP,11,Nov,27.846364974975586,27.711348
1988-11-10 00:00:00,7.8,159.7,WP,11,Nov,27.846364974975586,29.409626
1988-11-15 00:00:00,-14.6,113.8,SI,11,Nov,27.846364974975586,28.068506
1988-12-09 00:00:00,8.5,138.9,WP,12,Dec,27.85062599182129,28.760542
1988-12-26 00:00:00,-5.9,94.6,SI,12,Dec,27.85062599182129,28.529165
1989-01-04 00:00:00,-10.5,62.9,SI,1,Jan,27.856582641601562,28.585846
1989-01-06 00:00:00,-12.8,131.2,SI,1,Jan,27.856582641601562,30.67636
1989-01-08 00:00:00,-6.5,68.9,SI,1,Jan,27.856582641601562,28.778418
1989-01-22 00:00:00,-5.0,95.0,SI,1,Jan,27.856582641601562,28.951195
1989-02-09 00:00:00,-12.6,91.7,SI,2,Feb,27.86256217956543,28.499569
1989-02-15 00:00:00,-12.5,104.5,SI,2,Feb,27.86256217956543,28.797552
1989-02-17 00:00:00,-12.0,101.2,SI,2,Feb,27.86256217956543,28.916153
1989-03-03 00:00:00,-8.8,91.3,SI,3,Mar,27.86857795715332,29.118114
1989-03-11 00:00:00,-14.6,124.2,SI,3,Mar,27.86857795715332,30.10035
1989-03-12 00:00:00,-11.7,63.2,SI,3,Mar,27.86857795715332,29.022614
1989-03-13 00:00:00,-12.2,139.8,SI,3,Mar,27.86857795715332,29.84379
1989-03-14 00:00:00,-10.0,118.0,SI,3,Mar,27.86857795715332,29.530735
1989-03-27 00:00:00,-16.5,112.9,SI,3,Mar,27.86857795715332,29.163605
1989-03-28 00:00:00,-7.3,53.0,SI,3,Mar,27.86857795715332,29.257013
1989-04-11 00:00:00,-6.8,82.7,SI,4,Apr,27.8757381439209,29.222553
1989-04-14 00:00:00,-11.2,101.5,SI,4,Apr,27.8757381439209,29.115183
1989-04-17 00:00:00,-9.7,52.7,SI,4,Apr,27.8757381439209,29.120407
1989-04-29 00:00:00,-8.4,80.9,SI,4,Apr,27.8757381439209,29.019331
1989-05-07 00:00:00,3.6,150.0,WP,5,May,27.8823184967041,29.474585
1989-05-14 00:00:00,18.0,123.1,WP,5,May,27.8823184967041,28.177757
1989-05-19 00:00:00,-15.0,115.3,SI,5,May,27.8823184967041,28.391207
1989-06-17 00:00:00,15.5,146.6,WP,6,Jun,27.889284133911133,28.401117
1989-06-19 00:00:00,21.8,129.0,WP,6,Jun,27.889284133911133,27.833319
1989-06-23 00:00:00,15.4,130.3,WP,6,Jun,27.889284133911133,29.216248
1989-07-11 00:00:00,6.0,174.1,WP,7,Jul,27.895395278930664,29.477993
1989-07-15 00:00:00,12.0,151.4,WP,7,Jul,27.895395278930664,29.062908
1989-07-16 00:00:00,14.0,136.0,WP,7,Jul,27.895395278930664,29.324877
1989-08-08 00:00:00,17.0,141.7,WP,8,Aug,27.899263381958008,29.247437
1989-08-19 00:00:00,15.9,158.5,WP,8,Aug,27.899263381958008,28.968842
1989-09-12 00:00:00,14.3,138.6,WP,9,Sep,27.9023380279541,29.31283
1989-09-13 00:00:00,9.3,148.5,WP,9,Sep,27.9023380279541,29.624754
1989-09-16 00:00:00,13.0,147.3,WP,9,Sep,27.9023380279541,29.358698
1989-09-25 00:00:00,18.2,129.4,WP,9,Sep,27.9023380279541,29.267431
1989-10-05 00:00:00,4.8,174.8,WP,10,Oct,27.90311622619629,29.400213
1989-10-13 00:00:00,16.0,111.3,WP,10,Oct,27.90311622619629,27.918379
1989-10-19 00:00:00,7.9,162.9,WP,10,Oct,27.90311622619629,29.85352
1989-10-22 00:00:00,22.7,131.3,WP,10,Oct,27.90311622619629,27.831226
1989-10-23 00:00:00,3.9,145.0,WP,10,Oct,27.90311622619629,29.743816
1989-10-31 00:00:00,9.3,148.5,WP,10,Oct,27.90311622619629,29.564789
1989-11-13 00:00:00,17.2,131.0,WP,11,Nov,27.905641555786133,27.927465
1989-11-27 00:00:00,-7.2,75.6,SI,11,Nov,27.905641555786133,28.155542
1989-11-29 00:00:00,11.6,138.3,WP,11,Nov,27.905641555786133,28.93009
1989-12-17 00:00:00,-10.0,109.4,SI,12,Dec,27.910181045532227,29.1197
1989-12-26 00:00:00,-12.1,102.7,SI,12,Dec,27.910181045532227,28.008066
1990-01-05 00:00:00,-16.5,121.9,SI,1,Jan,27.912649154663086,30.01604
1990-02-02 00:00:00,-9.1,106.2,SI,2,Feb,27.914710998535156,28.980246
1990-02-08 00:00:00,-9.3,137.4,SI,2,Feb,27.914710998535156,29.650024
1990-02-08 00:00:00,-15.1,111.2,SI,2,Feb,27.914710998535156,28.585577
1990-02-21 00:00:00,-7.8,129.2,SI,2,Feb,27.914710998535156,29.10075
1990-02-24 00:00:00,-3.8,78.7,SI,2,Feb,27.914710998535156,28.957067
1990-02-28 00:00:00,-11.6,140.0,SI,2,Feb,27.914710998535156,29.901237
1990-04-09 00:00:00,-11.9,114.3,SI,4,Apr,27.9218692779541,29.425924
1990-04-13 00:00:00,-8.0,80.6,SI,4,Apr,27.9218692779541,29.166431
1990-04-16 00:00:00,-11.0,92.0,SI,4,Apr,27.9218692779541,28.754528
1990-07-14 00:00:00,17.6,113.3,WP,7,Jul,27.93699073791504,28.974878
1990-07-20 00:00:00,5.5,165.7,WP,7,Jul,27.93699073791504,29.701777
1990-07-28 00:00:00,10.1,148.9,WP,7,Jul,27.93699073791504,29.504858
1990-07-28 00:00:00,15.7,118.1,WP,7,Jul,27.93699073791504,29.444849
1990-08-18 00:00:00,8.1,173.3,WP,8,Aug,27.940765380859375,29.620356
1990-08-22 00:00:00,21.0,162.2,WP,8,Aug,27.940765380859375,28.341242
1990-09-05 00:00:00,25.9,146.5,WP,9,Sep,27.94659996032715,28.011059
1990-09-13 00:00:00,7.6,114.6,WP,9,Sep,27.94659996032715,29.034208
1990-09-16 00:00:00,13.0,139.5,WP,9,Sep,27.94659996032715,29.321678
1990-09-22 00:00:00,3.8,160.7,WP,9,Sep,27.94659996032715,29.680796
1990-11-22 00:00:00,12.3,112.6,WP,11,Nov,27.96149444580078,27.86458
1990-12-21 00:00:00,-12.0,72.6,SI,12,Dec,27.96953010559082,27.781458
1990-12-23 00:00:00,-6.9,88.5,SI,12,Dec,27.96953010559082,28.268291
1990-12-23 00:00:00,-6.8,82.7,SI,12,Dec,27.96953010559082,28.29219
1990-12-29 00:00:00,-9.9,76.5,SI,12,Dec,27.96953010559082,28.142817
1991-01-03 00:00:00,-14.0,108.6,SI,1,Jan,27.978662490844727,28.203814
1991-01-10 00:00:00,-16.6,62.2,SI,1,Jan,27.978662490844727,27.812958
1991-02-05 00:00:00,-17.3,50.5,SI,2,Feb,27.98754119873047,28.415028
1991-02-10 00:00:00,-9.9,96.8,SI,2,Feb,27.98754119873047,29.186356
1991-03-06 00:00:00,-14.0,108.6,SI,3,Mar,27.99640464782715,28.969309
1991-03-10 00:00:00,-12.6,124.3,SI,3,Mar,27.99640464782715,29.813908
1991-04-02 00:00:00,-11.1,73.7,SI,4,Apr,28.004220962524414,28.815208
1991-04-16 00:00:00,8.7,150.1,WP,4,Apr,28.004220962524414,28.36028
1991-04-20 00:00:00,-11.5,64.9,SI,4,Apr,28.004220962524414,28.982258
1991-06-04 00:00:00,16.3,129.9,WP,6,Jun,28.015554428100586,29.226782
1991-06-04 00:00:00,14.0,148.4,WP,6,Jun,28.015554428100586,28.476997
1991-06-15 00:00:00,11.5,142.6,WP,6,Jun,28.015554428100586,29.01102
1991-07-01 00:00:00,8.3,133.0,WP,7,Jul,28.0185604095459,29.765106
1991-07-07 00:00:00,10.8,110.5,WP,7,Jul,28.0185604095459,28.79592
1991-08-05 00:00:00,20.4,143.9,WP,8,Aug,28.017736434936523,29.090698
1991-08-10 00:00:00,22.9,108.4,WP,8,Aug,28.017736434936523,30.237806
1991-08-15 00:00:00,20.2,166.3,WP,8,Aug,28.017736434936523,28.167425
1991-08-16 00:00:00,8.2,146.0,WP,8,Aug,28.017736434936523,29.661875
1991-08-31 00:00:00,11.5,131.9,WP,8,Aug,28.017736434936523,29.344707
1991-09-01 00:00:00,19.7,126.5,WP,9,Sep,28.009977340698242,29.132507
1991-09-14 00:00:00,13.3,129.6,WP,9,Sep,28.009977340698242,29.14761
1991-09-18 00:00:00,14.6,126.2,WP,9,Sep,28.009977340698242,29.148956
1991-12-01 00:00:00,-10.5,100.3,SI,12,Dec,27.955366134643555,27.968527
1991-12-29 00:00:00,-8.8,155.6,SP,12,Dec,27.955366134643555,29.365536
1992-01-08 00:00:00,-16.5,112.9,SI,1,Jan,27.927566528320312,28.122992
1992-01-16 00:00:00,-7.3,69.1,SI,1,Jan,27.927566528320312,28.544443
1992-01-17 00:00:00,-12.0,114.6,SI,1,Jan,27.927566528320312,29.22667
1992-02-13 00:00:00,-9.4,80.2,SI,2,Feb,27.896940231323242,28.583303
1992-02-29 00:00:00,-13.8,62.5,SI,2,Feb,27.896940231323242,28.435362
1992-03-07 00:00:00,-14.3,180.0,SP,3,Mar,27.864112854003906,29.34103
1992-03-07 00:00:00,-9.5,78.8,SI,3,Mar,27.864112854003906,28.6863
1992-03-09 00:00:00,-6.9,88.5,SI,3,Mar,27.864112854003906,28.763592
1992-03-13 00:00:00,-10.6,181.2,SP,3,Mar,27.864112854003906,29.639917
1992-03-22 00:00:00,-11.0,133.0,SI,3,Mar,27.864112854003906,29.456148
1992-04-02 00:00:00,-15.6,149.2,SP,4,Apr,27.83172035217285,27.798061
1992-04-03 00:00:00,-14.1,114.5,SI,4,Apr,27.83172035217285,28.990091
1992-04-04 00:00:00,-8.9,187.4,SP,4,Apr,27.83172035217285,29.695028
1992-04-08 00:00:00,-11.5,144.8,SP,4,Apr,27.83172035217285,28.659876
1992-04-13 00:00:00,-15.1,118.4,SI,4,Apr,27.83172035217285,29.211527
1992-06-02 00:00:00,6.0,136.1,WP,6,Jun,27.77301788330078,29.55782
1992-07-01 00:00:00,20.2,116.8,WP,7,Jul,27.750152587890625,28.874603
1992-07-10 00:00:00,16.1,146.2,WP,7,Jul,27.750152587890625,28.480484
1992-07-13 00:00:00,20.7,158.7,WP,7,Jul,27.750152587890625,27.576752
1992-07-15 00:00:00,3.8,178.6,WP,7,Jul,27.750152587890625,29.093176
1992-07-18 00:00:00,4.2,148.3,WP,7,Jul,27.750152587890625,29.505163
1992-08-02 00:00:00,18.8,180.6,WP,8,Aug,27.731287002563477,27.570864
1992-08-02 00:00:00,21.5,138.3,WP,8,Aug,27.731287002563477,28.761652
1992-08-06 00:00:00,19.1,120.5,WP,8,Aug,27.731287002563477,29.160828
1992-08-14 00:00:00,6.0,150.0,WP,8,Aug,27.731287002563477,29.50179
1992-08-16 00:00:00,11.5,131.9,WP,8,Aug,27.731287002563477,29.0433
1992-08-21 00:00:00,12.3,151.6,WP,8,Aug,27.731287002563477,29.043055
1992-08-21 00:00:00,21.5,115.0,WP,8,Aug,27.731287002563477,28.742382
1992-08-25 00:00:00,10.2,129.9,WP,8,Aug,27.731287002563477,29.122747
1992-08-31 00:00:00,14.0,147.5,WP,8,Aug,27.731287002563477,28.950802
1992-09-02 00:00:00,5.5,165.7,WP,9,Sep,27.71692657470703,29.629095
1992-09-03 00:00:00,18.3,139.8,WP,9,Sep,27.71692657470703,28.857422
1992-09-06 00:00:00,10.0,145.3,WP,9,Sep,27.71692657470703,29.168798
1992-09-07 00:00:00,18.1,138.5,WP,9,Sep,27.71692657470703,28.877438
1992-09-14 00:00:00,13.8,134.0,WP,9,Sep,27.71692657470703,28.950262
1992-09-17 00:00:00,5.0,176.5,WP,9,Sep,27.71692657470703,29.405767
1992-09-27 00:00:00,7.3,149.8,WP,9,Sep,27.71692657470703,29.488134
1992-09-28 00:00:00,15.4,112.2,WP,9,Sep,27.71692657470703,28.41334
1992-10-06 00:00:00,11.2,119.1,WP,10,Oct,27.706161499023438,28.806618
1992-10-07 00:00:00,7.3,149.8,WP,10,Oct,27.706161499023438,29.387655
1992-10-18 00:00:00,19.5,124.0,WP,10,Oct,27.706161499023438,27.825298
1992-11-21 00:00:00,14.9,153.5,WP,11,Nov,27.699190139770508,27.859877
1992-11-25 00:00:00,12.7,145.0,WP,11,Nov,27.699190139770508,28.298645
1993-05-10 00:00:00,16.9,119.7,WP,5,May,27.72381019592285,29.111685
1993-06-01 00:00:00,13.0,160.7,WP,6,Jun,27.72495460510254,27.892492
1993-07-13 00:00:00,8.2,134.5,WP,7,Jul,27.722917556762695,29.605328
1993-07-22 00:00:00,10.2,135.9,WP,7,Jul,27.722917556762695,29.413935
1993-07-26 00:00:00,10.1,157.8,WP,7,Jul,27.722917556762695,28.982815
1993-07-29 00:00:00,16.2,148.2,WP,7,Jul,27.722917556762695,28.594086
1993-08-04 00:00:00,7.5,175.5,WP,8,Aug,27.719741821289062,29.32164
1993-08-28 00:00:00,14.0,131.7,WP,8,Aug,27.719741821289062,29.240547
1993-08-29 00:00:00,22.8,150.5,WP,8,Aug,27.719741821289062,28.468384
1993-09-08 00:00:00,18.8,145.7,WP,9,Sep,27.715911865234375,29.00572
1993-09-16 00:00:00,9.1,155.3,WP,9,Sep,27.715911865234375,29.577793
1993-09-21 00:00:00,11.5,133.4,WP,9,Sep,27.715911865234375,29.235046
1993-09-28 00:00:00,17.2,146.5,WP,9,Sep,27.715911865234375,29.081394
1993-10-05 00:00:00,9.9,147.5,WP,10,Oct,27.71246337890625,29.314852
1993-10-19 00:00:00,8.1,135.9,WP,10,Oct,27.71246337890625,29.414684
1993-10-23 00:00:00,16.8,117.5,WP,10,Oct,27.71246337890625,28.400326
1993-11-03 00:00:00,14.3,138.6,WP,11,Nov,27.707487106323242,28.348907
1993-11-08 00:00:00,9.5,146.2,WP,11,Nov,27.707487106323242,29.051443
1993-11-14 00:00:00,13.4,138.9,WP,11,Nov,27.707487106323242,28.44664
1993-11-23 00:00:00,18.7,146.1,WP,11,Nov,27.707487106323242,27.626398
1993-11-24 00:00:00,14.8,130.2,WP,11,Nov,27.707487106323242,28.311636
1994-06-06 00:00:00,15.4,149.1,WP,6,Jun,27.702226638793945,28.108639
1994-07-01 00:00:00,20.0,133.3,WP,7,Jul,27.70857810974121,29.050297
1994-07-13 00:00:00,3.0,146.1,WP,7,Jul,27.70857810974121,29.566998
1994-07-13 00:00:00,15.4,138.1,WP,7,Jul,27.70857810974121,29.173573
1994-07-16 00:00:00,10.6,129.6,WP,7,Jul,27.70857810974121,29.598217
1994-07-29 00:00:00,8.6,142.8,WP,7,Jul,27.70857810974121,29.532114
1994-08-20 00:00:00,7.6,129.2,WP,8,Aug,27.71581268310547,29.542086
1994-08-20 00:00:00,15.8,159.1,WP,8,Aug,27.71581268310547,28.864069
1994-08-22 00:00:00,12.4,136.5,WP,8,Aug,27.71581268310547,29.320084
1994-08-24 00:00:00,8.4,162.5,WP,8,Aug,27.71581268310547,29.51073
1994-08-28 00:00:00,11.2,151.0,WP,8,Aug,27.71581268310547,29.355513
1994-08-31 00:00:00,17.3,117.9,WP,8,Aug,27.71581268310547,29.179321
1994-09-04 00:00:00,21.8,129.0,WP,9,Sep,27.72472381591797,28.827631
1994-09-07 00:00:00,26.4,154.3,WP,9,Sep,27.72472381591797,27.563316
1994-09-09 00:00:00,22.0,168.1,WP,9,Sep,27.72472381591797,27.896664
1994-09-19 00:00:00,17.2,146.5,WP,9,Sep,27.72472381591797,29.06277
1994-10-01 00:00:00,6.2,135.7,WP,10,Oct,27.732946395874023,29.525381
1994-10-10 00:00:00,9.4,115.6,WP,10,Oct,27.732946395874023,28.998808
1994-10-10 00:00:00,4.5,157.6,WP,10,Oct,27.732946395874023,29.482815
1994-10-19 00:00:00,7.1,136.9,WP,10,Oct,27.732946395874023,29.513844
1994-10-20 00:00:00,5.0,157.8,WP,10,Oct,27.732946395874023,29.593231
1994-10-22 00:00:00,16.1,116.8,WP,10,Oct,27.732946395874023,28.39497
1994-10-26 00:00:00,-5.8,72.0,SI,10,Oct,27.732946395874023,27.8544
1994-11-14 00:00:00,-15.5,134.8,SI,11,Nov,27.74204444885254,28.055267
1994-11-25 00:00:00,15.5,171.9,WP,11,Nov,27.74204444885254,27.640568
1994-11-26 00:00:00,15.7,116.6,WP,11,Nov,27.74204444885254,27.534662
1994-12-16 00:00:00,-6.2,52.9,SI,12,Dec,27.750898361206055,28.561127
1994-12-21 00:00:00,-7.5,66.0,SI,12,Dec,27.750898361206055,28.468557
1995-01-06 00:00:00,-7.9,69.1,SI,1,Jan,27.759794235229492,28.637228
1995-01-13 00:00:00,-7.6,132.2,SI,1,Jan,27.759794235229492,29.454054
1995-01-18 00:00:00,-11.4,110.0,SI,1,Jan,27.759794235229492,29.03343
1995-01-29 00:00:00,-12.0,124.4,SI,1,Jan,27.759794235229492,29.742756
1995-02-03 00:00:00,-17.1,40.6,SI,2,Feb,27.7688045501709,29.103092
1995-02-17 00:00:00,-12.0,76.8,SI,2,Feb,27.7688045501709,28.556217
1995-03-14 00:00:00,-13.1,113.3,SI,3,Mar,27.775915145874023,29.275629
1995-03-15 00:00:00,-6.6,69.6,SI,3,Mar,27.775915145874023,29.104721
1995-03-22 00:00:00,-7.5,93.6,SI,3,Mar,27.775915145874023,29.137245
1995-03-27 00:00:00,-7.2,96.7,SI,3,Mar,27.775915145874023,29.211613
1995-04-20 00:00:00,-8.2,81.4,SI,4,Apr,27.7830810546875,28.983862
1995-04-22 00:00:00,-5.7,75.9,SI,4,Apr,27.7830810546875,29.381304
1995-06-15 00:00:00,-13.0,178.6,SP,6,Jun,27.79437828063965,28.139938
1995-07-06 00:00:00,10.9,152.9,WP,7,Jul,27.79835319519043,29.224207
1995-07-07 00:00:00,19.6,111.1,WP,7,Jul,27.79835319519043,28.754126
1995-07-09 00:00:00,22.8,150.5,WP,7,Jul,27.79835319519043,28.057764
1995-07-14 00:00:00,6.2,153.0,WP,7,Jul,27.79835319519043,29.744043
1995-07-22 00:00:00,8.9,135.2,WP,7,Jul,27.79835319519043,29.656378
1995-07-23 00:00:00,9.0,148.8,WP,7,Jul,27.79835319519043,29.495203
1995-07-26 00:00:00,8.9,140.7,WP,7,Jul,27.79835319519043,29.623112
1995-07-29 00:00:00,15.6,127.0,WP,7,Jul,27.79835319519043,29.411535
1995-07-30 00:00:00,6.0,140.0,WP,7,Jul,27.79835319519043,29.81079
1995-08-03 00:00:00,13.9,130.6,WP,8,Aug,27.80195426940918,29.227097
1995-08-04 00:00:00,5.5,162.4,WP,8,Aug,27.80195426940918,29.798914
1995-08-06 00:00:00,11.1,121.1,WP,8,Aug,27.80195426940918,29.301157
1995-08-12 00:00:00,7.6,129.2,WP,8,Aug,27.80195426940918,29.54529
1995-08-25 00:00:00,4.0,176.0,WP,8,Aug,27.80195426940918,29.174982
1995-09-01 00:00:00,5.6,168.0,WP,9,Sep,27.805763244628906,29.704367
1995-09-06 00:00:00,5.2,151.4,WP,9,Sep,27.805763244628906,29.860859
1995-09-07 00:00:00,7.8,174.9,WP,9,Sep,27.805763244628906,29.748093
1995-09-16 00:00:00,15.0,119.6,WP,9,Sep,27.805763244628906,29.220318
1995-09-26 00:00:00,9.4,142.7,WP,9,Sep,27.805763244628906,29.593512
1995-10-11 00:00:00,4.4,164.1,WP,10,Oct,27.81084442138672,29.48734
1995-10-17 00:00:00,3.8,178.6,WP,10,Oct,27.81084442138672,28.750502
1995-11-04 00:00:00,10.8,150.0,WP,11,Nov,27.814956665039062,29.022964
1996-01-21 00:00:00,-7.2,96.7,SI,1,Jan,27.820436477661133,28.858845
1996-01-25 00:00:00,-15.8,139.3,SI,1,Jan,27.820436477661133,30.563143
1996-01-31 00:00:00,-11.8,115.2,SI,1,Jan,27.820436477661133,29.471964
1996-02-11 00:00:00,-21.3,40.7,SI,2,Feb,27.824201583862305,29.24529
1996-02-12 00:00:00,-9.4,74.6,SI,2,Feb,27.824201583862305,28.808998
1996-02-13 00:00:00,-15.9,60.2,SI,2,Feb,27.824201583862305,28.308044
1996-02-18 00:00:00,-7.6,132.8,SI,2,Feb,27.824201583862305,29.302847
1996-02-21 00:00:00,-9.2,81.8,SI,2,Feb,27.824201583862305,28.72319
1996-02-24 00:00:00,-14.2,124.9,SI,2,Feb,27.824201583862305,29.756475
1996-02-27 00:00:00,-16.0,126.6,SI,2,Feb,27.824201583862305,30.223742
1996-02-28 00:00:00,-14.9,119.7,SI,2,Feb,27.824201583862305,29.426437
1996-03-09 00:00:00,-9.9,74.0,SI,3,Mar,27.82896614074707,28.95104
1996-03-13 00:00:00,-9.5,71.8,SI,3,Mar,27.82896614074707,29.012865
1996-03-23 00:00:00,-16.3,53.7,SI,3,Mar,27.82896614074707,28.530945
1996-03-31 00:00:00,-7.8,91.5,SI,3,Mar,27.82896614074707,29.079166
1996-04-23 00:00:00,10.0,132.3,WP,4,Apr,27.833269119262695,28.400537
1996-06-16 00:00:00,19.7,126.6,WP,6,Jun,27.841217041015625,28.64681
1996-06-17 00:00:00,7.0,177.0,WP,6,Jun,27.841217041015625,29.195166
1996-06-29 00:00:00,6.3,149.2,WP,6,Jun,27.841217041015625,29.710398
1996-07-05 00:00:00,-7.8,175.0,SP,7,Jul,27.84598731994629,29.203568
1996-07-08 00:00:00,21.6,139.0,WP,7,Jul,27.84598731994629,28.626356
1996-07-09 00:00:00,18.7,139.3,WP,7,Jul,27.84598731994629,28.943125
1996-07-11 00:00:00,10.9,152.9,WP,7,Jul,27.84598731994629,29.271368
1996-07-21 00:00:00,6.8,151.4,WP,7,Jul,27.84598731994629,29.734848
1996-08-01 00:00:00,12.6,135.1,WP,8,Aug,27.85107421875,29.357159
1996-08-06 00:00:00,11.8,137.6,WP,8,Aug,27.85107421875,29.455936
1996-08-22 00:00:00,18.2,129.4,WP,8,Aug,27.85107421875,29.248951
1996-09-03 00:00:00,15.8,131.5,WP,9,Sep,27.856239318847656,29.17269
1996-09-10 00:00:00,13.2,141.4,WP,9,Sep,27.856239318847656,29.325151
1996-09-13 00:00:00,17.5,135.6,WP,9,Sep,27.856239318847656,29.158554
1996-09-13 00:00:00,16.8,146.7,WP,9,Sep,27.856239318847656,29.187674
1996-09-15 00:00:00,14.3,153.9,WP,9,Sep,27.856239318847656,29.335423
1996-09-18 00:00:00,7.9,168.6,WP,9,Sep,27.856239318847656,29.898077
1996-09-18 00:00:00,15.3,123.3,WP,9,Sep,27.856239318847656,29.202133
1996-09-23 00:00:00,6.2,135.7,WP,9,Sep,27.856239318847656,29.730968
1996-10-05 00:00:00,17.0,149.6,WP,10,Oct,27.860658645629883,28.803093
1996-10-10 00:00:00,3.1,173.7,WP,10,Oct,27.860658645629883,29.081593
1996-10-16 00:00:00,8.1,173.3,WP,10,Oct,27.860658645629883,29.838263
1996-11-26 00:00:00,-9.4,60.7,SI,11,Nov,27.8660888671875,27.529747
1996-11-26 00:00:00,9.6,153.5,WP,11,Nov,27.8660888671875,29.199814
1996-12-12 00:00:00,-11.8,62.0,SI,12,Dec,27.87360954284668,27.765894
1996-12-12 00:00:00,8.6,151.5,WP,12,Dec,27.87360954284668,28.686462
1996-12-21 00:00:00,-17.0,42.9,SI,12,Dec,27.87360954284668,28.960682
1996-12-23 00:00:00,-8.1,151.0,SP,12,Dec,27.87360954284668,29.115698
1997-01-12 00:00:00,-15.6,119.8,SI,1,Jan,27.880422592163086,29.71671
1997-01-22 00:00:00,-11.1,73.7,SI,1,Jan,27.880422592163086,28.46818
1997-01-22 00:00:00,8.2,146.0,WP,1,Jan,27.880422592163086,28.467442
1997-01-26 00:00:00,-13.3,55.4,SI,1,Jan,27.880422592163086,28.286844
1997-01-30 00:00:00,-11.0,195.0,SP,1,Jan,27.880422592163086,29.64595
1997-01-30 00:00:00,-12.5,51.4,SI,1,Jan,27.880422592163086,28.379097
1997-02-05 00:00:00,-10.3,175.1,SP,2,Feb,27.885421752929688,29.9345
1997-02-10 00:00:00,-11.1,144.5,SP,2,Feb,27.885421752929688,29.700354
1997-02-11 00:00:00,-6.4,79.9,SI,2,Feb,27.885421752929688,28.918674
1997-02-24 00:00:00,-9.5,82.0,SI,2,Feb,27.885421752929688,28.819601
1997-02-28 00:00:00,7.8,148.0,WP,2,Feb,27.885421752929688,28.260336
1997-03-07 00:00:00,-14.4,146.4,SP,3,Mar,27.889421463012695,29.026604
1997-03-11 00:00:00,-17.0,42.9,SI,3,Mar,27.889421463012695,29.540173
1997-03-19 00:00:00,-14.7,70.6,SI,3,Mar,27.889421463012695,28.537058
1997-04-06 00:00:00,-11.6,126.3,SI,4,Apr,27.894811630249023,29.590652
1997-04-19 00:00:00,-8.5,91.1,SI,4,Apr,27.894811630249023,29.193586
1997-04-22 00:00:00,3.0,165.3,WP,4,Apr,27.894811630249023,28.747269
1997-06-24 00:00:00,6.0,150.0,WP,6,Jun,27.910171508789062,29.743706
1997-08-10 00:00:00,17.5,117.5,WP,8,Aug,27.925935745239258,29.12466
1997-08-11 00:00:00,6.4,140.0,WP,8,Aug,27.925935745239258,29.878252
1997-08-13 00:00:00,17.1,118.6,WP,8,Aug,27.925935745239258,29.17422
1997-08-17 00:00:00,13.4,113.5,WP,8,Aug,27.925935745239258,28.549221
1997-08-18 00:00:00,16.6,137.4,WP,8,Aug,27.925935745239258,29.3054
1997-08-19 00:00:00,11.5,142.6,WP,8,Aug,27.925935745239258,29.50945
1997-08-25 00:00:00,5.7,153.6,WP,8,Aug,27.925935745239258,29.965532
1997-08-28 00:00:00,16.1,160.3,WP,8,Aug,27.925935745239258,28.950363
1997-08-29 00:00:00,15.2,137.3,WP,8,Aug,27.925935745239258,29.322586
1997-09-03 00:00:00,18.6,133.6,WP,9,Sep,27.931777954101562,29.365
1997-09-04 00:00:00,8.1,160.9,WP,9,Sep,27.931777954101562,29.957361
1997-09-08 00:00:00,16.8,156.5,WP,9,Sep,27.931777954101562,29.115046
1997-09-13 00:00:00,10.8,130.1,WP,9,Sep,27.931777954101562,29.344748
1997-09-25 00:00:00,11.0,193.0,WP,9,Sep,27.931777954101562,29.15391
1997-09-27 00:00:00,10.0,151.6,WP,9,Sep,27.931777954101562,29.681889
1997-10-05 00:00:00,19.3,151.5,WP,10,Oct,27.937898635864258,28.49118
1997-10-10 00:00:00,16.9,116.9,WP,10,Oct,27.937898635864258,28.36383
1997-10-17 00:00:00,9.0,161.4,WP,10,Oct,27.937898635864258,29.707642
1997-10-24 00:00:00,4.8,163.2,WP,10,Oct,27.937898635864258,29.739878
1998-05-05 00:00:00,17.5,135.6,WP,5,May,27.974966049194336,27.957108
1998-06-24 00:00:00,19.4,124.8,WP,6,Jun,27.975730895996094,28.917538
1998-06-28 00:00:00,8.6,141.0,WP,6,Jun,27.975730895996094,29.504269
1998-07-11 00:00:00,6.1,141.0,WP,7,Jul,27.976036071777344,29.914825
1998-07-24 00:00:00,17.7,161.6,WP,7,Jul,27.976036071777344,28.20075
1998-07-26 00:00:00,22.9,108.4,WP,7,Jul,27.976036071777344,29.894651
1998-08-07 00:00:00,6.0,150.0,WP,8,Aug,27.975866317749023,29.899303
1998-08-11 00:00:00,7.5,145.3,WP,8,Aug,27.975866317749023,29.830276
1998-08-24 00:00:00,20.0,160.2,WP,8,Aug,27.975866317749023,28.567165
1998-08-28 00:00:00,4.1,156.3,WP,8,Aug,27.975866317749023,29.826456
1998-08-31 00:00:00,23.2,162.6,WP,8,Aug,27.975866317749023,28.039745
1998-09-04 00:00:00,8.2,155.8,WP,9,Sep,27.976884841918945,29.89706
1998-09-06 00:00:00,8.0,184.3,WP,9,Sep,27.976884841918945,29.638515
1998-09-15 00:00:00,15.9,117.0,WP,9,Sep,27.976884841918945,29.124334
1998-09-16 00:00:00,5.0,155.4,WP,9,Sep,27.976884841918945,29.882366
1998-09-18 00:00:00,15.8,131.5,WP,9,Sep,27.976884841918945,29.324697
1998-10-21 00:00:00,21.1,113.1,WP,10,Oct,27.977819442749023,27.578901
1998-10-30 00:00:00,13.7,114.8,WP,10,Oct,27.977819442749023,28.670147
1999-06-08 00:00:00,18.2,133.7,WP,6,Jun,28.00060272216797,29.0592
1999-06-26 00:00:00,20.1,150.8,WP,6,Jun,28.00060272216797,27.806675
1999-07-19 00:00:00,7.3,160.0,WP,7,Jul,28.0046443939209,29.729055
1999-07-22 00:00:00,18.3,117.0,WP,7,Jul,28.0046443939209,29.500666
1999-07-26 00:00:00,14.7,126.3,WP,7,Jul,28.0046443939209,29.66504
1999-08-07 00:00:00,5.0,157.8,WP,8,Aug,28.00853157043457,29.976492
1999-08-14 00:00:00,7.5,135.1,WP,8,Aug,28.00853157043457,29.915651
1999-08-15 00:00:00,23.1,123.6,WP,8,Aug,28.00853157043457,29.414707
1999-08-25 00:00:00,9.0,134.0,WP,8,Aug,28.00853157043457,29.815033
1999-09-08 00:00:00,6.1,156.3,WP,9,Sep,28.011449813842773,30.061848
1999-09-18 00:00:00,19.7,132.7,WP,9,Sep,28.011449813842773,29.350416
1999-09-23 00:00:00,14.6,142.2,WP,9,Sep,28.011449813842773,29.43153
1999-09-23 00:00:00,19.4,130.4,WP,9,Sep,28.011449813842773,29.41867
1999-09-27 00:00:00,13.0,155.7,WP,9,Sep,28.011449813842773,29.567698
1999-10-09 00:00:00,3.4,155.9,WP,10,Oct,28.01378631591797,29.639668
1999-10-14 00:00:00,11.1,116.0,WP,10,Oct,28.01378631591797,29.134468
1999-10-15 00:00:00,9.2,145.9,WP,10,Oct,28.01378631591797,29.797623
1999-10-21 00:00:00,16.7,132.9,WP,10,Oct,28.01378631591797,29.25578
1999-10-31 00:00:00,18.1,138.5,WP,10,Oct,28.01378631591797,29.076136
1999-11-01 00:00:00,-11.8,102.6,SI,11,Nov,28.014968872070312,27.54826
1999-11-05 00:00:00,-14.3,180.2,SP,11,Nov,28.014968872070312,28.05512
1999-11-05 00:00:00,5.4,138.6,WP,11,Nov,28.014968872070312,29.86678
1999-11-14 00:00:00,-8.1,72.9,SI,11,Nov,28.014968872070312,28.060766
1999-12-03 00:00:00,-12.0,165.0,SP,12,Dec,28.015525817871094,29.304926
1999-12-07 00:00:00,12.0,151.9,WP,12,Dec,28.015525817871094,28.148697
1999-12-12 00:00:00,-8.8,155.6,SP,12,Dec,28.015525817871094,29.656979
1999-12-13 00:00:00,-11.3,138.3,SI,12,Dec,28.015525817871094,29.736328
1999-12-15 00:00:00,-21.4,42.3,SI,12,Dec,28.015525817871094,28.654476
1999-12-15 00:00:00,8.5,138.9,WP,12,Dec,28.015525817871094,29.037964
1999-12-27 00:00:00,6.2,152.8,WP,12,Dec,28.015525817871094,29.410654
2000-01-06 00:00:00,-18.7,156.0,SP,1,Jan,28.014760971069336,28.136003
2000-01-09 00:00:00,-21.4,152.4,SP,1,Jan,28.014760971069336,27.738203
2000-01-13 00:00:00,-12.4,151.1,SP,1,Jan,28.014760971069336,29.514889
2000-01-15 00:00:00,-14.8,124.0,SI,1,Jan,28.014760971069336,30.412655
2000-01-21 00:00:00,-9.7,81.6,SI,1,Jan,28.014760971069336,28.594273
2000-01-21 00:00:00,-15.5,163.7,SP,1,Jan,28.014760971069336,29.02035
2000-01-21 00:00:00,-11.3,186.2,SP,1,Jan,28.014760971069336,29.778753
2000-01-22 00:00:00,-7.5,168.9,SP,1,Jan,28.014760971069336,29.960936
2000-01-24 00:00:00,-14.9,137.1,SI,1,Jan,28.014760971069336,30.719963
2000-01-25 00:00:00,-13.6,177.0,SP,1,Jan,28.014760971069336,29.467505
2000-01-26 00:00:00,-8.9,51.9,SI,1,Jan,28.014760971069336,28.770777
2000-01-27 00:00:00,-19.0,157.5,SP,1,Jan,28.014760971069336,27.921515
2000-01-28 00:00:00,-7.0,130.6,SI,1,Jan,28.014760971069336,29.732687
2000-01-28 00:00:00,-15.4,172.2,SP,1,Jan,28.014760971069336,28.976048
2000-02-01 00:00:00,-10.3,102.6,SI,2,Feb,28.0124454498291,29.126871
2000-02-14 00:00:00,-7.5,66.0,SI,2,Feb,28.0124454498291,28.8861
2000-02-23 00:00:00,-9.6,138.2,SI,2,Feb,28.0124454498291,29.839945
2000-03-09 00:00:00,-9.9,172.5,SP,3,Mar,28.010498046875,30.023876
2000-03-10 00:00:00,-10.6,58.5,SI,3,Mar,28.010498046875,29.102295
2000-03-10 00:00:00,-15.5,188.3,SP,3,Mar,28.010498046875,29.543222
2000-03-13 00:00:00,-10.0,154.5,SP,3,Mar,28.010498046875,29.946163
2000-03-15 00:00:00,-14.8,157.8,SP,3,Mar,28.010498046875,29.53332
2000-03-19 00:00:00,-10.9,102.4,SI,3,Mar,28.010498046875,29.318293
2000-03-20 00:00:00,-17.1,117.0,SI,3,Mar,28.010498046875,29.839233
2000-03-21 00:00:00,-14.2,76.8,SI,3,Mar,28.010498046875,28.427515
2000-03-30 00:00:00,-11.3,212.6,SP,3,Mar,28.010498046875,29.570303
2000-03-31 00:00:00,-8.7,157.2,SP,3,Mar,28.010498046875,30.03511
2000-04-02 00:00:00,-10.8,84.0,SI,4,Apr,28.00914192199707,28.773159
2000-04-05 00:00:00,-11.0,78.0,SI,4,Apr,28.00914192199707,28.794071
2000-04-27 00:00:00,-11.7,63.2,SI,4,Apr,28.00914192199707,28.96491
2000-05-15 00:00:00,-8.5,75.3,SI,5,May,28.008325576782227,28.537893
2000-05-31 00:00:00,-10.3,224.4,SP,5,May,28.008325576782227,28.688192
2000-06-01 00:00:00,3.2,153.3,WP,6,Jun,28.008466720581055,29.916351
2000-07-18 00:00:00,8.1,173.3,WP,7,Jul,28.00984001159668,29.44457
2000-07-22 00:00:00,15.9,131.1,WP,7,Jul,28.00984001159668,29.627136
2000-07-26 00:00:00,10.5,129.0,WP,7,Jul,28.00984001159668,29.801397
2000-07-28 00:00:00,12.0,146.2,WP,7,Jul,28.00984001159668,29.47533
2000-08-12 00:00:00,5.3,129.0,WP,8,Aug,28.01184844970703,29.8017
2000-08-18 00:00:00,8.3,133.0,WP,8,Aug,28.01184844970703,29.789383
2000-08-19 00:00:00,16.9,116.9,WP,8,Aug,28.01184844970703,29.251352
2000-08-23 00:00:00,3.3,175.7,WP,8,Aug,28.01184844970703,29.15218
2000-08-29 00:00:00,8.1,141.8,WP,8,Aug,28.01184844970703,29.887024
2000-09-02 00:00:00,24.6,152.3,WP,9,Sep,28.01628303527832,28.264858
2000-09-04 00:00:00,5.0,139.0,WP,9,Sep,28.01628303527832,30.011978
2000-09-07 00:00:00,3.8,181.4,WP,9,Sep,28.01628303527832,28.841787
2000-09-15 00:00:00,17.0,128.3,WP,9,Sep,28.01628303527832,29.479986
2000-09-16 00:00:00,10.6,129.6,WP,9,Sep,28.01628303527832,29.516514
2000-09-27 00:00:00,8.0,155.8,WP,9,Sep,28.01628303527832,30.018589
2000-10-04 00:00:00,22.9,108.4,WP,10,Oct,28.022979736328125,27.546822
2000-10-09 00:00:00,21.9,154.9,WP,10,Oct,28.022979736328125,28.112967
2000-10-10 00:00:00,-12.6,190.2,SP,10,Oct,28.022979736328125,28.40325
2000-10-13 00:00:00,19.4,153.7,WP,10,Oct,28.022979736328125,28.57427
2000-11-18 00:00:00,-6.1,97.2,SI,11,Nov,28.031991958618164,28.30433
2000-11-25 00:00:00,11.0,127.3,WP,11,Nov,28.031991958618164,28.901722
2000-12-27 00:00:00,-8.0,75.0,SI,12,Dec,28.04175567626953,28.42695
2001-01-04 00:00:00,-3.0,80.9,SI,1,Jan,28.0526123046875,28.994385
2001-01-15 00:00:00,5.5,170.5,WP,1,Jan,28.0526123046875,28.746561
2001-01-23 00:00:00,-16.0,65.6,SI,1,Jan,28.0526123046875,27.895514
2001-01-24 00:00:00,-10.0,166.9,SP,1,Jan,28.0526123046875,29.91065
2001-01-31 00:00:00,-10.1,66.6,SI,1,Jan,28.0526123046875,28.846598
2001-02-04 00:00:00,-8.5,194.3,SP,2,Feb,28.06352424621582,29.84715
2001-02-20 00:00:00,-10.8,65.7,SI,2,Feb,28.06352424621582,28.9593
2001-02-23 00:00:00,-15.5,134.8,SI,2,Feb,28.06352424621582,30.899551
2001-02-27 00:00:00,-10.3,115.8,SI,2,Feb,28.06352424621582,29.320831
2001-03-07 00:00:00,-11.4,110.0,SI,3,Mar,28.0749568939209,29.534075
2001-03-08 00:00:00,-11.0,130.2,SI,3,Mar,28.0749568939209,29.819366
2001-03-11 00:00:00,-10.3,115.8,SI,3,Mar,28.0749568939209,29.626276
2001-03-25 00:00:00,-11.4,158.2,SP,3,Mar,28.0749568939209,29.904303
2001-03-30 00:00:00,-11.8,115.2,SI,3,Mar,28.0749568939209,29.650925
2001-03-31 00:00:00,-14.2,176.4,SP,3,Mar,28.0749568939209,29.8047
2001-04-05 00:00:00,-12.2,57.8,SI,4,Apr,28.087080001831055,28.959938
2001-04-05 00:00:00,-11.1,144.5,SP,4,Apr,28.087080001831055,29.24812
2001-04-12 00:00:00,-10.6,83.3,SI,4,Apr,28.087080001831055,28.801535
2001-04-23 00:00:00,-9.0,70.0,SI,4,Apr,28.087080001831055,29.276665
2001-04-28 00:00:00,-12.8,140.0,SI,4,Apr,28.087080001831055,29.675354
2001-05-02 00:00:00,8.7,150.1,WP,5,May,28.099197387695312,28.858078
2001-05-02 00:00:00,17.8,138.2,WP,5,May,28.099197387695312,27.811838
2001-07-07 00:00:00,15.6,139.1,WP,7,Jul,28.117197036743164,29.339207
2001-07-07 00:00:00,17.0,144.7,WP,7,Jul,28.117197036743164,29.099325
2001-07-12 00:00:00,9.2,113.4,WP,7,Jul,28.117197036743164,29.299341
2001-07-22 00:00:00,20.1,151.1,WP,7,Jul,28.117197036743164,28.66482
2001-07-24 00:00:00,12.6,146.1,WP,7,Jul,28.117197036743164,29.303808
2001-07-31 00:00:00,9.1,161.4,WP,7,Jul,28.117197036743164,29.47757
2001-08-03 00:00:00,4.0,175.0,WP,8,Aug,28.124557495117188,29.680475
2001-08-15 00:00:00,14.7,126.3,WP,8,Aug,28.124557495117188,29.384403
2001-08-15 00:00:00,17.4,170.2,WP,8,Aug,28.124557495117188,28.638723
2001-08-17 00:00:00,11.6,133.5,WP,8,Aug,28.124557495117188,29.521734
2001-08-19 00:00:00,7.8,159.7,WP,8,Aug,28.124557495117188,29.959097
2001-08-30 00:00:00,6.7,140.5,WP,8,Aug,28.124557495117188,29.925684
2001-09-01 00:00:00,17.5,141.4,WP,9,Sep,28.13057518005371,29.451801
2001-09-05 00:00:00,20.3,135.3,WP,9,Sep,28.13057518005371,29.435846
2001-09-05 00:00:00,12.4,136.5,WP,9,Sep,28.13057518005371,29.405727
2001-09-11 00:00:00,7.1,136.5,WP,9,Sep,28.13057518005371,29.759476
2001-09-12 00:00:00,12.7,145.0,WP,9,Sep,28.13057518005371,29.48548
2001-09-23 00:00:00,23.7,142.7,WP,9,Sep,28.13057518005371,28.672506
2001-09-24 00:00:00,14.0,137.0,WP,9,Sep,28.13057518005371,29.404852
2001-09-30 00:00:00,11.2,119.1,WP,9,Sep,28.13057518005371,29.253212
2001-10-01 00:00:00,9.6,126.1,WP,10,Oct,28.135034561157227,29.44934
2001-10-31 00:00:00,10.1,154.3,WP,10,Oct,28.135034561157227,29.613037
2001-11-03 00:00:00,5.5,165.7,WP,11,Nov,28.139022827148438,29.767822
2001-11-07 00:00:00,12.1,149.2,WP,11,Nov,28.139022827148438,28.880392
2001-11-29 00:00:00,8.4,162.5,WP,11,Nov,28.139022827148438,29.551018
2001-12-02 00:00:00,-13.3,139.2,SI,12,Dec,28.143205642700195,30.058935
2001-12-05 00:00:00,-16.5,112.9,SI,12,Dec,28.143205642700195,27.82421
2001-12-07 00:00:00,-17.2,40.3,SI,12,Dec,28.143205642700195,28.894983
2001-12-09 00:00:00,-14.3,180.2,SP,12,Dec,28.143205642700195,28.69514
2001-12-20 00:00:00,-13.5,170.7,SP,12,Dec,28.143205642700195,28.864857
2002-01-05 00:00:00,-9.5,179.1,SP,1,Jan,28.14531898498535,30.13082
2002-01-11 00:00:00,-6.4,89.1,SI,1,Jan,28.14531898498535,28.808659
2002-01-18 00:00:00,-15.6,114.3,SI,1,Jan,28.14531898498535,28.918207
2002-01-24 00:00:00,-12.2,145.3,SP,1,Jan,28.14531898498535,29.460499
2002-01-28 00:00:00,-17.9,186.4,SP,1,Jan,28.14531898498535,28.403757
2002-01-31 00:00:00,-8.3,98.5,SI,1,Jan,28.14531898498535,28.945183
2002-02-01 00:00:00,-9.9,68.0,SI,2,Feb,28.14784812927246,29.053562
2002-02-11 00:00:00,-17.6,151.4,SP,2,Feb,28.14784812927246,28.976114
2002-02-12 00:00:00,-8.7,157.2,SP,2,Feb,28.14784812927246,30.003254
2002-03-02 00:00:00,-18.4,41.0,SI,3,Mar,28.148740768432617,29.58667
2002-03-08 00:00:00,-19.0,52.8,SI,3,Mar,28.148740768432617,28.42865
2002-03-30 00:00:00,-16.5,152.9,SP,3,Mar,28.148740768432617,28.966694
2002-03-30 00:00:00,-19.5,150.7,SP,3,Mar,28.148740768432617,28.276714
2002-04-07 00:00:00,-11.2,81.0,SI,4,Apr,28.147703170776367,28.693895
2002-04-09 00:00:00,-14.0,60.0,SI,4,Apr,28.147703170776367,28.661812
2002-04-12 00:00:00,-14.5,170.0,SP,4,Apr,28.147703170776367,29.359295
2002-04-12 00:00:00,-8.8,78.0,SI,4,Apr,28.147703170776367,29.13113
2002-04-24 00:00:00,-10.6,83.3,SI,4,Apr,28.147703170776367,28.789867
2002-04-25 00:00:00,-13.8,202.1,SP,4,Apr,28.147703170776367,29.665838
2002-05-19 00:00:00,2.9,174.4,WP,5,May,28.14618492126465,29.091406
2002-07-02 00:00:00,15.2,137.3,WP,7,Jul,28.144981384277344,29.413671
2002-07-05 00:00:00,13.3,149.2,WP,7,Jul,28.144981384277344,29.173471
2002-07-07 00:00:00,7.8,132.4,WP,7,Jul,28.144981384277344,29.87135
2002-07-10 00:00:00,11.2,119.1,WP,7,Jul,28.144981384277344,29.743828
2002-07-19 00:00:00,15.9,131.1,WP,7,Jul,28.144981384277344,29.525953
2002-07-22 00:00:00,10.1,157.8,WP,7,Jul,28.144981384277344,29.429337
2002-08-12 00:00:00,14.0,137.0,WP,8,Aug,28.14335060119629,29.487326
2002-08-12 00:00:00,11.0,128.3,WP,8,Aug,28.14335060119629,29.589783
2002-08-16 00:00:00,9.5,157.8,WP,8,Aug,28.14335060119629,29.857252
2002-08-19 00:00:00,23.4,146.1,WP,8,Aug,28.14335060119629,28.900824
2002-08-27 00:00:00,12.9,146.2,WP,8,Aug,28.14335060119629,29.603817
2002-09-07 00:00:00,7.1,103.7,WP,9,Sep,28.141380310058594,29.331095
2002-09-10 00:00:00,19.4,126.1,WP,9,Sep,28.141380310058594,29.500814
2002-09-12 00:00:00,15.4,112.9,WP,9,Sep,28.141380310058594,28.999893
2002-09-14 00:00:00,9.9,111.2,WP,9,Sep,28.141380310058594,28.89985
2002-09-17 00:00:00,24.6,152.3,WP,9,Sep,28.141380310058594,28.418045
2002-09-17 00:00:00,23.7,124.0,WP,9,Sep,28.141380310058594,29.033243
2002-09-30 00:00:00,16.9,114.7,WP,9,Sep,28.141380310058594,29.10112
2002-10-10 00:00:00,-7.1,163.6,SP,10,Oct,28.139923095703125,29.583847
2002-10-14 00:00:00,6.0,159.0,WP,10,Oct,28.139923095703125,30.001007
2002-10-14 00:00:00,16.9,114.7,WP,10,Oct,28.139923095703125,28.24357
2002-10-28 00:00:00,3.1,179.0,WP,10,Oct,28.139923095703125,28.985601
2002-11-12 00:00:00,14.1,129.4,WP,11,Nov,28.137954711914062,28.69461
2002-11-23 00:00:00,-7.7,80.9,SI,11,Nov,28.137954711914062,27.876621
2002-11-24 00:00:00,8.3,115.1,WP,11,Nov,28.137954711914062,29.169294
2002-11-25 00:00:00,12.4,146.1,WP,11,Nov,28.137954711914062,28.93948
2002-12-16 00:00:00,-4.4,63.4,SI,12,Dec,28.137353897094727,29.002575
2002-12-31 00:00:00,-14.9,171.9,SP,12,Dec,28.137353897094727,28.486893
2003-01-19 00:00:00,-11.9,169.9,SP,1,Jan,28.13694190979004,29.874866
2003-01-21 00:00:00,-13.0,178.6,SP,1,Jan,28.13694190979004,29.655005
2003-02-06 00:00:00,-6.2,93.2,SI,2,Feb,28.134504318237305,29.264847
2003-02-09 00:00:00,-7.4,84.7,SI,2,Feb,28.134504318237305,29.09993
2003-02-13 00:00:00,-7.8,129.2,SI,2,Feb,28.134504318237305,29.341412
2003-02-17 00:00:00,-13.6,177.0,SP,2,Feb,28.134504318237305,29.81239
2003-03-05 00:00:00,-18.0,182.5,SP,3,Mar,28.132478713989258,28.962074
2003-03-17 00:00:00,-13.6,117.5,SI,3,Mar,28.132478713989258,29.675848
2003-03-21 00:00:00,-12.8,140.0,SI,3,Mar,28.132478713989258,30.177294
2003-03-22 00:00:00,-18.7,156.0,SP,3,Mar,28.132478713989258,28.379257
2003-03-28 00:00:00,-12.1,103.3,SI,3,Mar,28.132478713989258,29.138992
2003-03-29 00:00:00,-11.4,60.6,SI,3,Mar,28.132478713989258,29.323357
2003-04-02 00:00:00,-7.5,168.9,SP,4,Apr,28.13187599182129,30.179956
2003-04-02 00:00:00,-10.7,66.9,SI,4,Apr,28.13187599182129,29.230804
2003-05-11 00:00:00,13.6,128.0,WP,5,May,28.132173538208008,28.88802
2003-05-18 00:00:00,13.4,138.9,WP,5,May,28.132173538208008,28.473886
2003-06-11 00:00:00,14.4,115.2,WP,6,Jun,28.131887435913086,29.689823
2003-06-19 00:00:00,21.1,113.1,WP,6,Jun,28.131887435913086,28.213415
2003-06-20 00:00:00,19.2,140.3,WP,6,Jun,28.131887435913086,28.607529
2003-07-01 00:00:00,17.7,161.6,WP,7,Jul,28.132688522338867,28.393524
2003-07-01 00:00:00,7.8,132.4,WP,7,Jul,28.132688522338867,30.014973
2003-07-16 00:00:00,13.8,147.2,WP,7,Jul,28.132688522338867,29.288141
2003-07-23 00:00:00,7.9,142.1,WP,7,Jul,28.132688522338867,29.962444
2003-07-23 00:00:00,13.0,147.3,WP,7,Jul,28.132688522338867,29.337667
2003-08-09 00:00:00,21.7,155.2,WP,8,Aug,28.134323120117188,28.758148
2003-08-17 00:00:00,15.2,140.1,WP,8,Aug,28.134323120117188,29.528513
2003-08-18 00:00:00,13.4,140.7,WP,8,Aug,28.134323120117188,29.562912
2003-08-26 00:00:00,6.0,156.0,WP,8,Aug,28.134323120117188,30.188457
2003-08-26 00:00:00,4.8,174.8,WP,8,Aug,28.134323120117188,29.707832
2003-08-28 00:00:00,4.5,154.9,WP,8,Aug,28.134323120117188,30.14613
2003-09-13 00:00:00,12.0,145.3,WP,9,Sep,28.13654899597168,29.607183
2003-10-02 00:00:00,13.8,180.1,WP,10,Oct,28.137361526489258,29.00416
2003-10-03 00:00:00,5.6,168.0,WP,10,Oct,28.137361526489258,29.972353
2003-10-04 00:00:00,8.7,150.1,WP,10,Oct,28.137361526489258,29.760397
2003-10-06 00:00:00,4.4,191.0,WP,10,Oct,28.137361526489258,28.73206
2003-11-04 00:00:00,6.8,108.1,WP,11,Nov,28.138587951660156,28.616306
2003-11-15 00:00:00,8.7,137.4,WP,11,Nov,28.138587951660156,29.480795
2003-12-27 00:00:00,7.8,132.4,WP,12,Dec,28.138708114624023,28.994669
2004-01-01 00:00:00,-9.6,155.0,SP,1,Jan,28.138954162597656,29.855476
2004-01-12 00:00:00,-13.3,163.8,SP,1,Jan,28.138954162597656,29.487743
2004-02-21 00:00:00,-12.0,145.0,SP,2,Feb,28.1395320892334,29.842201
2004-03-04 00:00:00,-12.9,168.4,SP,3,Mar,28.13776206970215,29.879354
2004-03-08 00:00:00,-9.5,182.4,SP,3,Mar,28.13776206970215,30.13746
2004-03-13 00:00:00,10.0,190.3,WP,3,Mar,28.13776206970215,27.665157
2004-03-17 00:00:00,-13.7,185.0,SP,3,Mar,28.13776206970215,29.834534
2004-06-12 00:00:00,19.8,130.9,WP,6,Jun,28.129920959472656,28.901176
2004-06-17 00:00:00,7.9,142.1,WP,6,Jun,28.129920959472656,29.766216
2004-07-12 00:00:00,12.8,158.3,WP,7,Jul,28.1282901763916,29.034405
2004-07-20 00:00:00,23.7,142.7,WP,7,Jul,28.1282901763916,28.407047
2004-07-22 00:00:00,15.9,127.2,WP,7,Jul,28.1282901763916,29.586138
2004-07-25 00:00:00,20.2,148.4,WP,7,Jul,28.1282901763916,28.781738
2004-07-28 00:00:00,10.8,170.9,WP,7,Jul,28.1282901763916,28.994968
2004-08-02 00:00:00,-6.6,85.8,SI,8,Aug,28.126367568969727,27.867193
2004-08-08 00:00:00,14.7,130.3,WP,8,Aug,28.126367568969727,29.55277
2004-08-12 00:00:00,8.7,150.1,WP,8,Aug,28.126367568969727,29.863327
2004-08-18 00:00:00,5.4,153.1,WP,8,Aug,28.126367568969727,30.058033
2004-08-20 00:00:00,9.2,140.3,WP,8,Aug,28.126367568969727,29.853271
2004-08-21 00:00:00,8.0,145.0,WP,8,Aug,28.126367568969727,29.920237
2004-08-23 00:00:00,4.7,155.1,WP,8,Aug,28.126367568969727,29.9955
2004-08-26 00:00:00,8.8,148.8,WP,8,Aug,28.126367568969727,29.859554
2004-09-01 00:00:00,18.6,115.7,WP,9,Sep,28.124101638793945,29.20769
2004-09-16 00:00:00,6.1,150.4,WP,9,Sep,28.124101638793945,30.050945
2004-09-19 00:00:00,18.7,107.2,WP,9,Sep,28.124101638793945,29.234493
2004-09-24 00:00:00,15.0,134.0,WP,9,Sep,28.124101638793945,29.532766
2004-09-25 00:00:00,16.8,117.5,WP,9,Sep,28.124101638793945,29.322405
2004-09-28 00:00:00,21.8,131.8,WP,9,Sep,28.124101638793945,29.352835
2004-10-02 00:00:00,10.7,141.2,WP,10,Oct,28.12383270263672,29.52774
2004-10-04 00:00:00,9.2,140.3,WP,10,Oct,28.12383270263672,29.678677
2004-10-04 00:00:00,5.5,170.5,WP,10,Oct,28.12383270263672,29.824362
2004-10-15 00:00:00,7.8,148.0,WP,10,Oct,28.12383270263672,29.817001
2004-10-25 00:00:00,7.9,142.4,WP,10,Oct,28.12383270263672,29.756653
2004-10-26 00:00:00,7.3,179.0,WP,10,Oct,28.12383270263672,29.878931
2004-11-08 00:00:00,-13.6,169.5,SP,11,Nov,28.121496200561523,28.20423
2004-11-17 00:00:00,15.7,117.0,WP,11,Nov,28.121496200561523,28.067194
2004-12-02 00:00:00,-17.4,122.9,SI,12,Dec,28.11944007873535,30.182383
2004-12-07 00:00:00,-14.3,180.2,SP,12,Dec,28.11944007873535,28.77506
2004-12-12 00:00:00,-14.9,170.8,SP,12,Dec,28.11944007873535,28.455053
2004-12-17 00:00:00,-7.4,84.7,SI,12,Dec,28.11944007873535,28.29954
2005-02-06 00:00:00,-10.6,181.2,SP,2,Feb,28.12224006652832,30.019766
2005-02-14 00:00:00,-11.1,58.5,SI,2,Feb,28.12224006652832,28.963964
2005-03-03 00:00:00,-6.5,68.3,SI,3,Mar,28.125478744506836,29.43313
2005-03-05 00:00:00,12.0,142.4,WP,3,Mar,28.125478744506836,27.531063
2005-03-07 00:00:00,-16.4,79.4,SI,3,Mar,28.125478744506836,28.018314
2005-03-10 00:00:00,-11.0,149.6,SP,3,Mar,28.125478744506836,29.814396
2005-03-26 00:00:00,-8.0,75.0,SI,3,Mar,28.125478744506836,29.272259
2005-04-02 00:00:00,10.6,129.6,WP,4,Apr,28.12933921813965,28.330898
2005-04-18 00:00:00,-15.1,111.2,SI,4,Apr,28.12933921813965,29.13561
2005-04-21 00:00:00,-4.0,163.4,SP,4,Apr,28.12933921813965,29.917093
2005-05-06 00:00:00,-17.4,122.9,SI,5,May,28.133527755737305,28.795954
2005-05-16 00:00:00,-14.9,119.7,SI,5,May,28.133527755737305,28.835932
2005-06-16 00:00:00,19.1,120.5,WP,6,Jun,28.13652801513672,29.58183
2005-06-23 00:00:00,8.2,155.8,WP,6,Jun,28.13652801513672,29.50266
2005-07-01 00:00:00,14.7,119.6,WP,7,Jul,28.136430740356445,29.78523
2005-07-08 00:00:00,16.8,156.5,WP,7,Jul,28.136430740356445,28.712194
2005-08-03 00:00:00,22.4,134.3,WP,8,Aug,28.135053634643555,29.32412
2005-08-03 00:00:00,17.0,144.1,WP,8,Aug,28.135053634643555,29.503937
2005-08-10 00:00:00,4.0,155.4,WP,8,Aug,28.135053634643555,29.963665
2005-08-17 00:00:00,13.6,128.0,WP,8,Aug,28.135053634643555,29.608679
2005-08-18 00:00:00,16.1,124.5,WP,8,Aug,28.135053634643555,29.571234
2005-08-21 00:00:00,14.6,160.3,WP,8,Aug,28.135053634643555,29.266434
2005-08-24 00:00:00,8.8,172.2,WP,8,Aug,28.135053634643555,29.684525
2005-08-25 00:00:00,5.2,155.5,WP,8,Aug,28.135053634643555,30.02557
2005-08-28 00:00:00,3.1,179.0,WP,8,Aug,28.135053634643555,28.995535
2005-09-04 00:00:00,11.6,124.0,WP,9,Sep,28.132253646850586,29.590403
2005-09-05 00:00:00,10.5,129.0,WP,9,Sep,28.132253646850586,29.532166
2005-09-08 00:00:00,23.1,123.6,WP,9,Sep,28.132253646850586,29.02391
2005-09-14 00:00:00,6.9,150.8,WP,9,Sep,28.132253646850586,29.987741
2005-09-20 00:00:00,11.2,119.1,WP,9,Sep,28.132253646850586,29.396826
2005-09-26 00:00:00,3.9,145.0,WP,9,Sep,28.132253646850586,29.853706
2005-09-29 00:00:00,15.9,136.2,WP,9,Sep,28.132253646850586,29.454916
2005-10-01 00:00:00,9.1,140.8,WP,10,Oct,28.12876319885254,29.73201
2005-10-15 00:00:00,18.0,119.6,WP,10,Oct,28.12876319885254,28.644396
2005-10-17 00:00:00,21.5,138.3,WP,10,Oct,28.12876319885254,28.530375
2005-10-18 00:00:00,17.8,121.6,WP,10,Oct,28.12876319885254,28.639727
2005-11-10 00:00:00,-19.6,42.6,SI,11,Nov,28.12525177001953,27.982944
2005-11-12 00:00:00,-13.3,119.5,SI,11,Nov,28.12525177001953,29.66962
2005-11-18 00:00:00,-9.5,160.0,SP,11,Nov,28.12525177001953,29.295546
2005-11-23 00:00:00,7.8,137.9,WP,11,Nov,28.12525177001953,29.59017
2005-11-24 00:00:00,5.6,168.0,WP,11,Nov,28.12525177001953,29.696894
2005-11-26 00:00:00,-9.5,160.0,SP,11,Nov,28.12525177001953,29.295546
2005-12-16 00:00:00,-18.1,120.1,SI,12,Dec,28.122589111328125,29.471157
2005-12-27 00:00:00,-14.0,190.0,SP,12,Dec,28.122589111328125,28.997099
2006-01-08 00:00:00,-14.9,143.0,SP,1,Jan,28.11895751953125,30.137035
2006-01-12 00:00:00,-13.1,185.7,SP,1,Jan,28.11895751953125,29.584616
2006-01-25 00:00:00,-13.6,63.9,SI,1,Jan,28.11895751953125,28.372272
2006-01-29 00:00:00,-10.2,61.9,SI,1,Jan,28.11895751953125,28.780441
2006-01-31 00:00:00,-11.1,58.8,SI,1,Jan,28.11895751953125,28.681154
2006-02-02 00:00:00,-12.3,173.9,SP,2,Feb,28.11556053161621,29.83761
2006-02-05 00:00:00,-19.3,199.3,SP,2,Feb,28.11556053161621,28.467022
2006-02-10 00:00:00,-12.1,134.5,SI,2,Feb,28.11556053161621,30.232897
2006-02-28 00:00:00,-14.3,150.7,SP,2,Feb,28.11556053161621,29.417002
2006-02-28 00:00:00,-12.6,148.2,SP,2,Feb,28.11556053161621,29.569218
2006-03-09 00:00:00,-14.2,119.8,SI,3,Mar,28.11309814453125,29.78477
2006-03-17 00:00:00,-14.1,121.1,SI,3,Mar,28.11309814453125,29.855856
2006-03-18 00:00:00,-12.6,145.1,SP,3,Mar,28.11309814453125,29.693844
2006-03-23 00:00:00,-13.2,95.6,SI,3,Mar,28.11309814453125,28.773264
2006-04-20 00:00:00,-11.8,83.8,SI,4,Apr,28.111570358276367,28.600159
2006-04-26 00:00:00,-10.7,133.5,SI,4,Apr,28.111570358276367,29.870882
2006-04-29 00:00:00,-11.6,144.3,SP,4,Apr,28.111570358276367,29.196823
2006-04-29 00:00:00,8.5,148.6,WP,4,Apr,28.111570358276367,28.714418
2006-06-08 00:00:00,23.9,124.8,WP,6,Jun,28.1058349609375,28.138285
2006-07-24 00:00:00,6.6,158.2,WP,7,Jul,28.106536865234375,29.945007
2006-07-26 00:00:00,5.5,165.7,WP,7,Jul,28.106536865234375,29.901392
2006-07-29 00:00:00,7.0,155.0,WP,7,Jul,28.106536865234375,29.923765
2006-07-31 00:00:00,25.9,148.9,WP,7,Jul,28.106536865234375,27.841679
2006-08-09 00:00:00,15.9,136.2,WP,8,Aug,28.108381271362305,29.440607
2006-08-09 00:00:00,11.6,124.0,WP,8,Aug,28.108381271362305,29.663624
2006-08-10 00:00:00,6.1,156.3,WP,8,Aug,28.108381271362305,30.091015
2006-08-17 00:00:00,6.6,173.3,WP,8,Aug,28.108381271362305,29.876047
2006-08-25 00:00:00,20.8,123.0,WP,8,Aug,28.108381271362305,29.557089
2006-08-26 00:00:00,16.2,118.5,WP,8,Aug,28.108381271362305,29.454346
2006-08-28 00:00:00,5.5,138.7,WP,8,Aug,28.108381271362305,30.01879
2006-09-11 00:00:00,8.0,167.0,WP,9,Sep,28.111557006835938,30.126713
2006-09-13 00:00:00,6.1,177.2,WP,9,Sep,28.111557006835938,29.866669
2006-09-21 00:00:00,19.0,130.0,WP,9,Sep,28.111557006835938,29.579731
2006-09-23 00:00:00,4.0,147.9,WP,9,Sep,28.111557006835938,29.964743
2006-09-25 00:00:00,6.6,161.6,WP,9,Sep,28.111557006835938,30.150848
2006-10-03 00:00:00,5.4,153.1,WP,10,Oct,28.114198684692383,30.012287
2006-10-05 00:00:00,11.2,171.0,WP,10,Oct,28.114198684692383,29.574472
2006-10-27 00:00:00,12.2,133.8,WP,10,Oct,28.114198684692383,29.479307
2006-11-22 00:00:00,-6.4,184.4,SP,11,Nov,28.117599487304688,29.69317
2006-11-28 00:00:00,8.8,131.3,WP,11,Nov,28.117599487304688,29.425274
2006-12-01 00:00:00,11.6,133.5,WP,12,Dec,28.11940574645996,28.308949
2006-12-09 00:00:00,-16.9,173.2,SP,12,Dec,28.11940574645996,27.824858
2007-03-04 00:00:00,-11.3,212.6,SP,3,Mar,28.11957359313965,29.664942
2007-03-06 00:00:00,10.9,152.9,WP,3,Mar,28.11957359313965,27.726374
2007-03-11 00:00:00,6.3,153.5,WP,3,Mar,28.11957359313965,28.915466
2007-04-15 00:00:00,-14.8,157.8,SP,4,Apr,28.11861228942871,29.081463
2007-05-26 00:00:00,17.5,135.6,WP,5,May,28.119537353515625,28.182636
2007-05-28 00:00:00,8.4,162.5,WP,5,May,28.119537353515625,28.861103
2007-05-30 00:00:00,10.8,110.5,WP,5,May,28.119537353515625,29.461452
2007-07-12 00:00:00,19.9,156.2,WP,7,Jul,28.12255859375,28.579105
2007-07-17 00:00:00,13.6,128.0,WP,7,Jul,28.12255859375,29.688284
2007-07-23 00:00:00,10.8,120.8,WP,7,Jul,28.12255859375,29.794867
2007-07-31 00:00:00,21.5,133.4,WP,7,Jul,28.12255859375,29.163538
2007-08-06 00:00:00,7.4,139.7,WP,8,Aug,28.12566566467285,29.973799
2007-08-07 00:00:00,8.8,172.2,WP,8,Aug,28.12566566467285,29.668621
2007-08-14 00:00:00,10.1,156.1,WP,8,Aug,28.12566566467285,29.805012
2007-08-14 00:00:00,11.0,177.0,WP,8,Aug,28.12566566467285,29.299484
2007-08-16 00:00:00,18.4,141.1,WP,8,Aug,28.12566566467285,29.516504
2007-09-11 00:00:00,16.1,149.3,WP,9,Sep,28.128141403198242,29.53951
2007-09-17 00:00:00,13.8,134.0,WP,9,Sep,28.128141403198242,29.556477
2007-09-18 00:00:00,11.2,119.1,WP,9,Sep,28.128141403198242,29.39063
2007-09-21 00:00:00,7.6,176.7,WP,9,Sep,28.128141403198242,29.958384
2007-09-21 00:00:00,16.8,156.5,WP,9,Sep,28.128141403198242,29.398073
2007-09-28 00:00:00,8.0,155.8,WP,9,Sep,28.128141403198242,30.090298
2007-10-13 00:00:00,7.8,159.7,WP,10,Oct,28.13118553161621,29.999802
2007-10-17 00:00:00,6.0,152.0,WP,10,Oct,28.13118553161621,29.994802
2007-10-21 00:00:00,20.9,158.1,WP,10,Oct,28.13118553161621,28.328518
2007-10-30 00:00:00,5.0,171.9,WP,10,Oct,28.13118553161621,29.873367
2007-11-05 00:00:00,9.6,162.2,WP,11,Nov,28.134925842285156,29.32359
2007-12-30 00:00:00,8.5,163.5,WP,12,Dec,28.139101028442383,28.942667
2008-01-05 00:00:00,-7.5,168.9,SP,1,Jan,28.143295288085938,30.157732
2008-02-06 00:00:00,-12.0,196.1,SP,2,Feb,28.147727966308594,29.931522
2008-02-13 00:00:00,-14.3,180.0,SP,2,Feb,28.147727966308594,29.628147
2008-02-15 00:00:00,-16.0,171.9,SP,2,Feb,28.147727966308594,29.349724
2008-03-07 00:00:00,-12.4,185.2,SP,3,Mar,28.152877807617188,30.047293
2008-03-19 00:00:00,-7.9,180.5,SP,3,Mar,28.152877807617188,30.162136
2008-03-22 00:00:00,4.1,156.1,WP,3,Mar,28.152877807617188,29.029032
2008-04-24 00:00:00,-12.7,142.7,SP,4,Apr,28.158681869506836,29.357605
2008-05-20 00:00:00,8.1,140.6,WP,5,May,28.164039611816406,29.513208
2008-05-30 00:00:00,-10.0,166.9,SP,5,May,28.164039611816406,29.802145
2008-06-12 00:00:00,8.4,131.4,WP,6,Jun,28.169313430786133,29.989737
2008-06-14 00:00:00,12.3,129.5,WP,6,Jun,28.169313430786133,29.749872
2008-06-19 00:00:00,10.0,138.0,WP,6,Jun,28.169313430786133,29.704767
2008-06-24 00:00:00,6.7,141.7,WP,6,Jun,28.169313430786133,30.043558
2008-06-28 00:00:00,17.5,135.6,WP,6,Jun,28.169313430786133,29.141047
2008-07-01 00:00:00,8.6,145.9,WP,7,Jul,28.172761917114258,29.8626
2008-07-03 00:00:00,14.6,152.4,WP,7,Jul,28.172761917114258,29.078644
2008-07-16 00:00:00,15.9,126.9,WP,7,Jul,28.172761917114258,29.737566
2008-07-16 00:00:00,10.0,152.0,WP,7,Jul,28.172761917114258,29.675934
2008-07-22 00:00:00,7.5,145.3,WP,7,Jul,28.172761917114258,29.992096
2008-08-04 00:00:00,19.0,137.8,WP,8,Aug,28.17466926574707,29.509792
2008-08-17 00:00:00,26.5,129.4,WP,8,Aug,28.17466926574707,29.23846
2008-09-05 00:00:00,10.0,179.9,WP,9,Sep,28.17682647705078,29.799164
2008-09-10 00:00:00,11.3,132.4,WP,9,Sep,28.17682647705078,29.635895
2008-09-16 00:00:00,21.4,150.3,WP,9,Sep,28.17682647705078,29.069159
2008-09-18 00:00:00,8.0,134.9,WP,9,Sep,28.17682647705078,29.83517
2008-09-19 00:00:00,14.9,152.5,WP,9,Sep,28.17682647705078,29.562084
2008-09-24 00:00:00,14.5,118.3,WP,9,Sep,28.17682647705078,29.38111
2008-09-30 00:00:00,14.3,134.7,WP,9,Sep,28.17682647705078,29.587555
2008-10-07 00:00:00,17.7,132.9,WP,10,Oct,28.178176879882812,29.116674
2008-10-15 00:00:00,5.0,140.7,WP,10,Oct,28.178176879882812,30.00021
2008-10-17 00:00:00,6.9,139.2,WP,10,Oct,28.178176879882812,29.93218
2008-11-01 00:00:00,13.6,130.5,WP,11,Nov,28.177894592285156,28.858194
2008-11-08 00:00:00,10.1,150.8,WP,11,Nov,28.177894592285156,29.422653
2008-11-10 00:00:00,16.2,125.1,WP,11,Nov,28.177894592285156,28.02766
2008-12-03 00:00:00,9.5,157.8,WP,12,Dec,28.177467346191406,28.735413
2008-12-17 00:00:00,-15.7,151.7,SP,12,Dec,28.177467346191406,28.282959
2009-01-04 00:00:00,-7.9,180.5,SP,1,Jan,28.175865173339844,30.013193
2009-01-14 00:00:00,4.0,176.0,WP,1,Jan,28.175865173339844,28.637829
2009-01-14 00:00:00,-13.1,152.4,SP,1,Jan,28.175865173339844,29.493866
2009-01-18 00:00:00,-14.7,146.3,SP,1,Jan,28.175865173339844,29.132887
2009-01-19 00:00:00,-8.7,157.2,SP,1,Jan,28.175865173339844,30.042923
2009-01-22 00:00:00,-12.9,159.4,SP,1,Jan,28.175865173339844,29.743862
2009-03-26 00:00:00,-12.2,208.4,SP,3,Mar,28.169397354125977,29.76151
2009-04-02 00:00:00,11.2,171.0,WP,4,Apr,28.164024353027344,27.603409
2009-06-06 00:00:00,1.4,106.5,WP,6,Jun,28.15443229675293,30.312366
2009-06-16 00:00:00,7.0,151.3,WP,6,Jun,28.15443229675293,29.807775
2009-07-02 00:00:00,15.7,116.6,WP,7,Jul,28.15130615234375,29.494553
2009-07-11 00:00:00,18.6,133.6,WP,7,Jul,28.15130615234375,29.514612
2009-07-15 00:00:00,21.6,118.3,WP,7,Jul,28.15130615234375,29.28772
2009-07-22 00:00:00,20.1,150.8,WP,7,Jul,28.15130615234375,28.77797
2009-07-29 00:00:00,10.3,132.9,WP,7,Jul,28.15130615234375,29.806274
2009-08-10 00:00:00,12.0,192.4,WP,8,Aug,28.148941040039062,28.77174
2009-08-21 00:00:00,6.0,140.0,WP,8,Aug,28.148941040039062,30.07916
2009-08-24 00:00:00,22.4,171.5,WP,8,Aug,28.148941040039062,27.817892
2009-08-29 00:00:00,11.9,130.3,WP,8,Aug,28.148941040039062,29.646841
2009-09-10 00:00:00,18.6,115.7,WP,9,Sep,28.1473331451416,29.269804
2009-09-10 00:00:00,12.1,138.8,WP,9,Sep,28.1473331451416,29.62642
2009-09-15 00:00:00,13.0,147.3,WP,9,Sep,28.1473331451416,29.658758
2009-09-20 00:00:00,7.2,155.9,WP,9,Sep,28.1473331451416,30.141306
2009-09-25 00:00:00,13.2,126.3,WP,9,Sep,28.1473331451416,29.491266
2009-10-06 00:00:00,14.0,147.5,WP,10,Oct,28.146818161010742,29.380507
2009-10-08 00:00:00,4.5,157.6,WP,10,Oct,28.146818161010742,29.864569
2009-10-22 00:00:00,15.8,164.6,WP,10,Oct,28.146818161010742,28.889969
2009-11-01 00:00:00,10.0,145.3,WP,11,Nov,28.148244857788086,29.448288
2009-11-07 00:00:00,6.1,182.2,WP,11,Nov,28.148244857788086,29.62769
2009-11-27 00:00:00,6.3,149.5,WP,11,Nov,28.148244857788086,29.921673
2009-12-10 00:00:00,-12.0,76.8,SI,12,Dec,28.150053024291992,27.94836
2009-12-25 00:00:00,-14.8,44.1,SI,12,Dec,28.150053024291992,29.22928
2010-01-09 00:00:00,-11.0,54.0,SI,1,Jan,28.15442657470703,28.796835
2010-01-13 00:00:00,-8.4,82.6,SI,1,Jan,28.15442657470703,28.782654
2010-01-28 00:00:00,-6.6,97.4,SI,1,Jan,28.15442657470703,29.190348
2010-02-01 00:00:00,-10.9,127.6,SI,2,Feb,28.160308837890625,29.73846
2010-02-13 00:00:00,-13.2,95.6,SI,2,Feb,28.160308837890625,28.60348
2010-02-16 00:00:00,-17.0,180.6,SP,2,Feb,28.160308837890625,29.206024
2010-02-18 00:00:00,9.6,150.9,WP,2,Feb,28.160308837890625,27.874973
2010-02-20 00:00:00,-11.3,86.8,SI,2,Feb,28.160308837890625,28.911882
2010-02-25 00:00:00,-13.2,168.5,SP,2,Feb,28.160308837890625,29.859497
2010-02-28 00:00:00,-8.0,75.0,SI,2,Feb,28.160308837890625,29.174778
2010-03-02 00:00:00,-13.2,138.0,SI,3,Mar,28.167966842651367,30.289997
2010-03-03 00:00:00,-14.2,155.4,SP,3,Mar,28.167966842651367,29.721273
2010-03-21 00:00:00,-17.1,118.6,SI,3,Mar,28.167966842651367,30.087606
2010-03-31 00:00:00,-11.9,169.9,SP,3,Mar,28.167966842651367,30.031452
2010-04-06 00:00:00,-13.6,177.0,SP,4,Apr,28.17601203918457,29.715534
2010-04-20 00:00:00,-9.9,172.5,SP,4,Apr,28.17601203918457,30.171206
2010-05-01 00:00:00,7.3,160.0,WP,5,May,28.182477951049805,29.293587
2010-05-23 00:00:00,17.1,115.9,WP,5,May,28.182477951049805,29.03751
2010-06-04 00:00:00,10.1,157.8,WP,6,Jun,28.188703536987305,29.116385
2010-06-25 00:00:00,21.8,127.1,WP,6,Jun,28.188703536987305,28.264126
2010-08-05 00:00:00,8.2,140.7,WP,8,Aug,28.19775390625,29.945978
2010-08-05 00:00:00,20.5,135.1,WP,8,Aug,28.19775390625,29.468302
2010-08-08 00:00:00,18.7,155.4,WP,8,Aug,28.19775390625,29.087748
2010-08-09 00:00:00,21.4,150.3,WP,8,Aug,28.19775390625,29.03352
2010-08-14 00:00:00,6.8,170.6,WP,8,Aug,28.19775390625,29.959784
2010-08-20 00:00:00,26.4,154.3,WP,8,Aug,28.19775390625,27.852255
2010-09-02 00:00:00,18.3,123.5,WP,9,Sep,28.201547622680664,29.570282
2010-09-03 00:00:00,8.5,144.0,WP,9,Sep,28.201547622680664,29.949686
2010-09-04 00:00:00,12.9,117.1,WP,9,Sep,28.201547622680664,29.1559
2010-09-05 00:00:00,3.0,165.3,WP,9,Sep,28.201547622680664,29.710993
2010-09-09 00:00:00,14.2,149.3,WP,9,Sep,28.201547622680664,29.587103
2010-09-11 00:00:00,7.8,132.4,WP,9,Sep,28.201547622680664,29.815298
2010-09-14 00:00:00,25.1,160.1,WP,9,Sep,28.201547622680664,27.940954
2010-09-16 00:00:00,20.2,116.8,WP,9,Sep,28.201547622680664,29.365665
2010-09-22 00:00:00,8.8,131.3,WP,9,Sep,28.201547622680664,29.741312
2010-09-25 00:00:00,9.6,126.1,WP,9,Sep,28.201547622680664,29.768904
2010-10-04 00:00:00,14.6,137.2,WP,10,Oct,28.20441246032715,29.452795
2010-10-09 00:00:00,16.3,178.3,WP,10,Oct,28.20441246032715,28.556095
2010-10-17 00:00:00,10.2,135.9,WP,10,Oct,28.20441246032715,29.672735
2010-10-18 00:00:00,3.4,155.9,WP,10,Oct,28.20441246032715,29.885727
2010-10-18 00:00:00,15.9,127.2,WP,10,Oct,28.20441246032715,29.219986
2010-10-25 00:00:00,20.2,116.8,WP,10,Oct,28.20441246032715,28.069672
2010-11-17 00:00:00,13.4,138.9,WP,11,Nov,28.205659866333008,28.87261
2010-11-27 00:00:00,14.6,142.2,WP,11,Nov,28.205659866333008,28.696487
2010-11-28 00:00:00,-6.9,82.9,SI,11,Nov,28.205659866333008,28.163975
2010-12-04 00:00:00,11.0,130.5,WP,12,Dec,28.20693016052246,28.510717
2010-12-06 00:00:00,7.7,122.2,WP,12,Dec,28.20693016052246,28.851547
2010-12-23 00:00:00,9.8,130.4,WP,12,Dec,28.20693016052246,28.669422
2011-01-03 00:00:00,-8.6,181.0,SP,1,Jan,28.207170486450195,30.13667
2011-01-09 00:00:00,-18.0,154.1,SP,1,Jan,28.207170486450195,28.475885
2011-01-12 00:00:00,-12.7,145.2,SP,1,Jan,28.207170486450195,29.44805
2011-01-17 00:00:00,-18.0,120.6,SI,1,Jan,28.207170486450195,30.2189
2011-01-28 00:00:00,-17.3,147.5,SP,1,Jan,28.207170486450195,28.68457
2011-02-06 00:00:00,-7.1,163.6,SP,2,Feb,28.206634521484375,30.08432
2011-02-09 00:00:00,-11.7,157.0,SP,2,Feb,28.206634521484375,29.9728
2011-02-13 00:00:00,-11.7,113.3,SI,2,Feb,28.206634521484375,29.27241
2011-02-18 00:00:00,-7.5,88.5,SI,2,Feb,28.206634521484375,29.162035
2011-02-26 00:00:00,-13.0,128.0,SI,2,Feb,28.206634521484375,30.259691
2011-02-26 00:00:00,-12.8,85.1,SI,2,Feb,28.206634521484375,28.731487
2011-02-27 00:00:00,-10.8,84.0,SI,2,Feb,28.206634521484375,29.028622
2011-03-12 00:00:00,-8.0,84.6,SI,3,Mar,28.205772399902344,29.286701
2011-03-16 00:00:00,-10.9,183.1,SP,3,Mar,28.205772399902344,30.15279
2011-03-18 00:00:00,-16.0,65.6,SI,3,Mar,28.205772399902344,28.679596
2011-03-28 00:00:00,-11.6,72.2,SI,3,Mar,28.205772399902344,29.176615
2011-04-25 00:00:00,-11.7,112.6,SI,4,Apr,28.206504821777344,29.62885
2011-06-10 00:00:00,9.5,149.8,WP,6,Jun,28.213600158691406,29.40969
2011-06-19 00:00:00,15.2,137.4,WP,6,Jun,28.213600158691406,29.100122
2011-07-02 00:00:00,10.0,190.3,WP,7,Jul,28.218307495117188,28.881222
2011-07-16 00:00:00,16.8,156.5,WP,7,Jul,28.218307495117188,28.732477
2011-07-17 00:00:00,17.2,132.4,WP,7,Jul,28.218307495117188,29.624796
2011-07-24 00:00:00,8.3,148.1,WP,7,Jul,28.218307495117188,29.799843
2011-08-06 00:00:00,12.4,129.5,WP,8,Aug,28.224525451660156,29.695324
2011-08-10 00:00:00,15.3,152.4,WP,8,Aug,28.224525451660156,29.506704
2011-08-11 00:00:00,12.0,145.3,WP,8,Aug,28.224525451660156,29.728756
2011-09-10 00:00:00,21.6,117.5,WP,9,Sep,28.2309627532959,29.265993
2011-09-14 00:00:00,9.1,152.0,WP,9,Sep,28.2309627532959,29.975933
2011-09-20 00:00:00,22.4,173.4,WP,9,Sep,28.2309627532959,28.026678
2011-09-20 00:00:00,18.3,123.5,WP,9,Sep,28.2309627532959,29.632595
2011-09-21 00:00:00,6.2,153.0,WP,9,Sep,28.2309627532959,30.166504
2011-09-22 00:00:00,19.4,126.1,WP,9,Sep,28.2309627532959,29.64877
2011-09-22 00:00:00,7.4,135.0,WP,9,Sep,28.2309627532959,29.79657
2011-09-30 00:00:00,4.5,157.6,WP,9,Sep,28.2309627532959,30.13944
2011-10-16 00:00:00,-5.3,100.8,SI,10,Oct,28.237550735473633,27.781693
2011-10-29 00:00:00,4.7,158.8,WP,10,Oct,28.237550735473633,29.97821
2011-11-07 00:00:00,-9.7,182.9,SP,11,Nov,28.245412826538086,29.77717
2011-11-23 00:00:00,11.1,163.8,WP,11,Nov,28.245412826538086,29.04393
2011-12-07 00:00:00,-11.0,64.0,SI,12,Dec,28.253904342651367,28.315287
2011-12-08 00:00:00,-12.1,170.9,SP,12,Dec,28.253904342651367,29.408895
2011-12-08 00:00:00,-13.6,177.0,SP,12,Dec,28.253904342651367,29.087301
2011-12-23 00:00:00,-4.0,163.5,SP,12,Dec,28.253904342651367,30.113321
2012-01-01 00:00:00,-19.0,113.4,SI,1,Jan,28.262609481811523,28.048727
2012-01-10 00:00:00,-6.5,95.3,SI,1,Jan,28.262609481811523,29.2969
2012-01-15 00:00:00,-10.0,166.9,SP,1,Jan,28.262609481811523,30.085117
2012-02-16 00:00:00,-16.8,191.0,SP,2,Feb,28.26995277404785,29.30741
2012-02-19 00:00:00,-13.8,202.1,SP,2,Feb,28.26995277404785,29.864868
2012-02-29 00:00:00,-15.7,150.0,SP,2,Feb,28.26995277404785,29.459839
2012-03-01 00:00:00,-16.6,112.3,SI,3,Mar,28.27764892578125,29.324228
2012-03-18 00:00:00,-16.5,150.7,SP,3,Mar,28.27764892578125,29.015396
2012-03-19 00:00:00,-12.1,143.3,SP,3,Mar,28.27764892578125,30.02926
2012-03-20 00:00:00,-19.3,199.3,SP,3,Mar,28.27764892578125,28.796421
2012-03-30 00:00:00,-14.8,139.2,SI,3,Mar,28.27764892578125,30.45504
2012-04-03 00:00:00,-14.5,119.3,SI,4,Apr,28.2835636138916,29.975891
2012-04-21 00:00:00,-17.2,40.3,SI,4,Apr,28.2835636138916,29.41043
2012-05-08 00:00:00,19.8,127.0,WP,5,May,28.287843704223633,27.785568
2012-05-13 00:00:00,-12.8,140.0,SI,5,May,28.287843704223633,28.539665
2012-06-27 00:00:00,8.5,138.9,WP,6,Jun,28.289812088012695,29.903223
2012-06-30 00:00:00,22.4,134.3,WP,6,Jun,28.289812088012695,28.15212
2012-06-30 00:00:00,15.4,114.9,WP,6,Jun,28.289812088012695,29.626247
2012-07-04 00:00:00,20.6,158.8,WP,7,Jul,28.29029083251953,28.347427
2012-07-06 00:00:00,12.8,130.3,WP,7,Jul,28.29029083251953,29.826492
2012-08-10 00:00:00,10.0,152.0,WP,8,Aug,28.290544509887695,29.861599
2012-08-24 00:00:00,17.0,130.0,WP,8,Aug,28.290544509887695,29.728508
2012-08-26 00:00:00,12.9,117.1,WP,8,Aug,28.290544509887695,29.23801
2012-08-26 00:00:00,10.9,161.8,WP,8,Aug,28.290544509887695,29.784885
2012-08-29 00:00:00,18.5,147.9,WP,8,Aug,28.290544509887695,29.513758
2012-09-03 00:00:00,14.9,116.5,WP,9,Sep,28.289968490600586,29.304193
2012-09-11 00:00:00,12.3,151.6,WP,9,Sep,28.289968490600586,29.800781
2012-09-21 00:00:00,17.5,135.6,WP,9,Sep,28.289968490600586,29.682364
2012-09-23 00:00:00,5.5,143.8,WP,9,Sep,28.289968490600586,30.054642
2012-10-03 00:00:00,4.3,152.3,WP,10,Oct,28.290468215942383,29.993444
2012-10-05 00:00:00,-11.5,161.2,SP,10,Oct,28.290468215942383,27.997723
2012-10-07 00:00:00,16.2,135.0,WP,10,Oct,28.290468215942383,29.408743
2012-10-13 00:00:00,19.0,129.4,WP,10,Oct,28.290468215942383,28.910501
2012-10-21 00:00:00,12.0,151.9,WP,10,Oct,28.290468215942383,29.59879
2012-10-31 00:00:00,4.3,152.3,WP,10,Oct,28.290468215942383,29.993444
2012-11-30 00:00:00,16.2,118.5,WP,11,Nov,28.291847229003906,27.915674
2012-12-06 00:00:00,11.0,127.3,WP,12,Dec,28.2918701171875,28.33587
2012-12-12 00:00:00,12.0,144.0,WP,12,Dec,28.2918701171875,28.419592
2012-12-16 00:00:00,6.8,170.6,WP,12,Dec,28.2918701171875,29.282238
2012-12-29 00:00:00,12.1,149.2,WP,12,Dec,28.2918701171875,28.264425
2013-04-04 00:00:00,7.8,148.0,WP,4,Apr,28.290590286254883,28.934132
2013-06-12 00:00:00,7.3,149.8,WP,6,Jun,28.2883243560791,29.961605
2013-06-23 00:00:00,12.4,136.5,WP,6,Jun,28.2883243560791,29.555307
2013-07-02 00:00:00,9.5,149.8,WP,7,Jul,28.28742218017578,29.837189
2013-07-06 00:00:00,16.8,156.5,WP,7,Jul,28.28742218017578,28.865374
2013-07-07 00:00:00,11.5,133.1,WP,7,Jul,28.28742218017578,29.808716
2013-07-08 00:00:00,12.0,192.4,WP,7,Jul,28.28742218017578,28.452234
2013-07-12 00:00:00,11.0,193.0,WP,7,Jul,28.28742218017578,28.666265
2013-07-24 00:00:00,19.7,121.3,WP,7,Jul,28.28742218017578,29.760294
2013-07-25 00:00:00,15.5,111.0,WP,7,Jul,28.28742218017578,29.088987
2013-08-06 00:00:00,24.0,162.3,WP,8,Aug,28.285730361938477,28.15921
2013-08-09 00:00:00,16.9,112.3,WP,8,Aug,28.285730361938477,29.0776
2013-08-21 00:00:00,13.4,138.9,WP,8,Aug,28.285730361938477,29.637323
2013-08-24 00:00:00,8.0,132.8,WP,8,Aug,28.285730361938477,29.905264
2013-08-27 00:00:00,17.0,128.3,WP,8,Aug,28.285730361938477,29.623072
2013-08-31 00:00:00,5.6,147.9,WP,8,Aug,28.285730361938477,30.09466
2013-09-16 00:00:00,17.2,131.0,WP,9,Sep,28.285301208496094,29.616627
2013-09-17 00:00:00,11.1,138.4,WP,9,Sep,28.285301208496094,29.643755
2013-09-28 00:00:00,10.9,161.8,WP,9,Sep,28.285301208496094,29.96729
2013-10-02 00:00:00,11.2,146.7,WP,10,Oct,28.28453826904297,29.658752
2013-11-17 00:00:00,12.5,130.0,WP,11,Nov,28.283784866333008,29.02485
2013-11-28 00:00:00,8.8,148.8,WP,11,Nov,28.283784866333008,29.614853
2014-01-24 00:00:00,-11.1,144.5,SP,1,Jan,28.285367965698242,29.785797
2014-02-01 00:00:00,-11.9,183.1,SP,2,Feb,28.28495216369629,30.113556
2014-02-10 00:00:00,-13.5,180.4,SP,2,Feb,28.28495216369629,29.918064
2014-02-17 00:00:00,-16.3,151.0,SP,2,Feb,28.28495216369629,29.34349
2014-02-18 00:00:00,-9.0,143.5,SP,2,Feb,28.28495216369629,30.266218
2014-02-22 00:00:00,-11.0,149.6,SP,2,Feb,28.28495216369629,29.969337
2014-03-02 00:00:00,-18.2,180.1,SP,3,Mar,28.282941818237305,28.958523
2014-03-06 00:00:00,-10.0,155.0,SP,3,Mar,28.282941818237305,30.054
2014-03-16 00:00:00,-14.0,190.0,SP,3,Mar,28.282941818237305,29.819288
2014-04-11 00:00:00,-14.6,156.2,SP,4,Apr,28.27991485595703,29.104198
2014-05-02 00:00:00,5.0,140.7,WP,5,May,28.277936935424805,29.937805
2014-05-08 00:00:00,1.9,180.2,WP,5,May,28.277936935424805,28.82366
2014-05-11 00:00:00,5.2,166.1,WP,5,May,28.277936935424805,29.511795
2014-05-26 00:00:00,7.0,177.0,WP,5,May,28.277936935424805,29.152863
2014-07-03 00:00:00,8.5,170.8,WP,7,Jul,28.276578903198242,29.600515
2014-07-07 00:00:00,16.1,116.8,WP,7,Jul,28.276578903198242,29.632458
2014-07-27 00:00:00,20.5,144.8,WP,7,Jul,28.276578903198242,29.142965
2014-07-28 00:00:00,7.6,151.5,WP,7,Jul,28.276578903198242,29.951078
2014-08-09 00:00:00,6.1,156.3,WP,8,Aug,28.27805519104004,30.25124
2014-08-23 00:00:00,6.2,155.5,WP,8,Aug,28.27805519104004,30.253971
2014-08-31 00:00:00,17.0,168.0,WP,8,Aug,28.27805519104004,28.992483
2014-09-02 00:00:00,8.5,139.6,WP,9,Sep,28.27813720703125,30.036835
2014-09-20 00:00:00,16.2,141.9,WP,9,Sep,28.27813720703125,29.629261
2014-09-28 00:00:00,12.2,137.3,WP,9,Sep,28.27813720703125,29.737856
2014-10-08 00:00:00,14.2,156.4,WP,10,Oct,28.277517318725586,29.370344
2014-10-17 00:00:00,12.1,149.2,WP,10,Oct,28.277517318725586,29.66584
2014-10-21 00:00:00,13.4,131.4,WP,10,Oct,28.277517318725586,29.666586
2014-10-27 00:00:00,15.8,165.8,WP,10,Oct,28.277517318725586,28.998026
2014-10-28 00:00:00,13.0,126.0,WP,10,Oct,28.277517318725586,29.602152
2014-11-14 00:00:00,7.8,159.7,WP,11,Nov,28.276269912719727,29.83991
2014-11-17 00:00:00,15.4,113.0,WP,11,Nov,28.276269912719727,27.62529
